participant.id_in_session,participant.code,participant.label,participant._is_bot,participant._index_in_pages,participant._max_page_index,participant._current_app_name,participant._current_page_name,participant.time_started,participant.visited,participant.mturk_worker_id,participant.mturk_assignment_id,participant.payoff,session.code,session.label,session.mturk_HITId,session.mturk_HITGroupId,session.comment,session.is_demo,session.config.real_world_currency_per_point,session.config.participation_fee,session.config.risk,session.config.belief_elicitation,session.config.num_rounds,Intro.1.player.id_in_group,Intro.1.player.role,Intro.1.player.payoff,Intro.1.player.window_width,Intro.1.player.window_height,Intro.1.player.browser,Intro.1.player.wrong_answer1_1,Intro.1.player.wrong_answer1_2,Intro.1.player.wrong_answer2_1,Intro.1.player.wrong_answer2_2,Intro.1.player.wrong_answer3_1,Intro.1.player.wrong_answer3_2,Intro.1.player.CQ1_1,Intro.1.player.CQ1_2,Intro.1.player.CQ2_1,Intro.1.player.CQ2_2,Intro.1.player.CQ3_1,Intro.1.player.CQ3_2,Intro.1.group.id_in_subsession,Intro.1.subsession.round_number,dPGG.1.player.id_in_group,dPGG.1.player.role,dPGG.1.player.payoff,dPGG.1.player.comprehension,dPGG.1.player.donation,dPGG.1.player.review_instructions,dPGG.1.player.review_contact,dPGG.1.player.wait_time_left,dPGG.1.player.endowment,dPGG.1.player.contribution,dPGG.1.player.belief,dPGG.1.player.gross_gain,dPGG.1.player.gain,dPGG.1.player.stock,dPGG.1.player.is_dropout,dPGG.1.group.id_in_subsession,dPGG.1.group.residual,dPGG.1.group.EWE,dPGG.1.group.total_contribution,dPGG.1.group.average_contribution,dPGG.1.group.individual_share,dPGG.1.group.bot_active,dPGG.1.group.wealth,dPGG.1.subsession.round_number,dPGG.2.player.id_in_group,dPGG.2.player.role,dPGG.2.player.payoff,dPGG.2.player.comprehension,dPGG.2.player.donation,dPGG.2.player.review_instructions,dPGG.2.player.review_contact,dPGG.2.player.wait_time_left,dPGG.2.player.endowment,dPGG.2.player.contribution,dPGG.2.player.belief,dPGG.2.player.gross_gain,dPGG.2.player.gain,dPGG.2.player.stock,dPGG.2.player.is_dropout,dPGG.2.group.id_in_subsession,dPGG.2.group.residual,dPGG.2.group.EWE,dPGG.2.group.total_contribution,dPGG.2.group.average_contribution,dPGG.2.group.individual_share,dPGG.2.group.bot_active,dPGG.2.group.wealth,dPGG.2.subsession.round_number,dPGG.3.player.id_in_group,dPGG.3.player.role,dPGG.3.player.payoff,dPGG.3.player.comprehension,dPGG.3.player.donation,dPGG.3.player.review_instructions,dPGG.3.player.review_contact,dPGG.3.player.wait_time_left,dPGG.3.player.endowment,dPGG.3.player.contribution,dPGG.3.player.belief,dPGG.3.player.gross_gain,dPGG.3.player.gain,dPGG.3.player.stock,dPGG.3.player.is_dropout,dPGG.3.group.id_in_subsession,dPGG.3.group.residual,dPGG.3.group.EWE,dPGG.3.group.total_contribution,dPGG.3.group.average_contribution,dPGG.3.group.individual_share,dPGG.3.group.bot_active,dPGG.3.group.wealth,dPGG.3.subsession.round_number,dPGG.4.player.id_in_group,dPGG.4.player.role,dPGG.4.player.payoff,dPGG.4.player.comprehension,dPGG.4.player.donation,dPGG.4.player.review_instructions,dPGG.4.player.review_contact,dPGG.4.player.wait_time_left,dPGG.4.player.endowment,dPGG.4.player.contribution,dPGG.4.player.belief,dPGG.4.player.gross_gain,dPGG.4.player.gain,dPGG.4.player.stock,dPGG.4.player.is_dropout,dPGG.4.group.id_in_subsession,dPGG.4.group.residual,dPGG.4.group.EWE,dPGG.4.group.total_contribution,dPGG.4.group.average_contribution,dPGG.4.group.individual_share,dPGG.4.group.bot_active,dPGG.4.group.wealth,dPGG.4.subsession.round_number,dPGG.5.player.id_in_group,dPGG.5.player.role,dPGG.5.player.payoff,dPGG.5.player.comprehension,dPGG.5.player.donation,dPGG.5.player.review_instructions,dPGG.5.player.review_contact,dPGG.5.player.wait_time_left,dPGG.5.player.endowment,dPGG.5.player.contribution,dPGG.5.player.belief,dPGG.5.player.gross_gain,dPGG.5.player.gain,dPGG.5.player.stock,dPGG.5.player.is_dropout,dPGG.5.group.id_in_subsession,dPGG.5.group.residual,dPGG.5.group.EWE,dPGG.5.group.total_contribution,dPGG.5.group.average_contribution,dPGG.5.group.individual_share,dPGG.5.group.bot_active,dPGG.5.group.wealth,dPGG.5.subsession.round_number,dPGG.6.player.id_in_group,dPGG.6.player.role,dPGG.6.player.payoff,dPGG.6.player.comprehension,dPGG.6.player.donation,dPGG.6.player.review_instructions,dPGG.6.player.review_contact,dPGG.6.player.wait_time_left,dPGG.6.player.endowment,dPGG.6.player.contribution,dPGG.6.player.belief,dPGG.6.player.gross_gain,dPGG.6.player.gain,dPGG.6.player.stock,dPGG.6.player.is_dropout,dPGG.6.group.id_in_subsession,dPGG.6.group.residual,dPGG.6.group.EWE,dPGG.6.group.total_contribution,dPGG.6.group.average_contribution,dPGG.6.group.individual_share,dPGG.6.group.bot_active,dPGG.6.group.wealth,dPGG.6.subsession.round_number,dPGG.7.player.id_in_group,dPGG.7.player.role,dPGG.7.player.payoff,dPGG.7.player.comprehension,dPGG.7.player.donation,dPGG.7.player.review_instructions,dPGG.7.player.review_contact,dPGG.7.player.wait_time_left,dPGG.7.player.endowment,dPGG.7.player.contribution,dPGG.7.player.belief,dPGG.7.player.gross_gain,dPGG.7.player.gain,dPGG.7.player.stock,dPGG.7.player.is_dropout,dPGG.7.group.id_in_subsession,dPGG.7.group.residual,dPGG.7.group.EWE,dPGG.7.group.total_contribution,dPGG.7.group.average_contribution,dPGG.7.group.individual_share,dPGG.7.group.bot_active,dPGG.7.group.wealth,dPGG.7.subsession.round_number,dPGG.8.player.id_in_group,dPGG.8.player.role,dPGG.8.player.payoff,dPGG.8.player.comprehension,dPGG.8.player.donation,dPGG.8.player.review_instructions,dPGG.8.player.review_contact,dPGG.8.player.wait_time_left,dPGG.8.player.endowment,dPGG.8.player.contribution,dPGG.8.player.belief,dPGG.8.player.gross_gain,dPGG.8.player.gain,dPGG.8.player.stock,dPGG.8.player.is_dropout,dPGG.8.group.id_in_subsession,dPGG.8.group.residual,dPGG.8.group.EWE,dPGG.8.group.total_contribution,dPGG.8.group.average_contribution,dPGG.8.group.individual_share,dPGG.8.group.bot_active,dPGG.8.group.wealth,dPGG.8.subsession.round_number,dPGG.9.player.id_in_group,dPGG.9.player.role,dPGG.9.player.payoff,dPGG.9.player.comprehension,dPGG.9.player.donation,dPGG.9.player.review_instructions,dPGG.9.player.review_contact,dPGG.9.player.wait_time_left,dPGG.9.player.endowment,dPGG.9.player.contribution,dPGG.9.player.belief,dPGG.9.player.gross_gain,dPGG.9.player.gain,dPGG.9.player.stock,dPGG.9.player.is_dropout,dPGG.9.group.id_in_subsession,dPGG.9.group.residual,dPGG.9.group.EWE,dPGG.9.group.total_contribution,dPGG.9.group.average_contribution,dPGG.9.group.individual_share,dPGG.9.group.bot_active,dPGG.9.group.wealth,dPGG.9.subsession.round_number,dPGG.10.player.id_in_group,dPGG.10.player.role,dPGG.10.player.payoff,dPGG.10.player.comprehension,dPGG.10.player.donation,dPGG.10.player.review_instructions,dPGG.10.player.review_contact,dPGG.10.player.wait_time_left,dPGG.10.player.endowment,dPGG.10.player.contribution,dPGG.10.player.belief,dPGG.10.player.gross_gain,dPGG.10.player.gain,dPGG.10.player.stock,dPGG.10.player.is_dropout,dPGG.10.group.id_in_subsession,dPGG.10.group.residual,dPGG.10.group.EWE,dPGG.10.group.total_contribution,dPGG.10.group.average_contribution,dPGG.10.group.individual_share,dPGG.10.group.bot_active,dPGG.10.group.wealth,dPGG.10.subsession.round_number,HLPL.1.player.id_in_group,HLPL.1.player.role,HLPL.1.player.payoff,HLPL.1.player.review_instructions,HLPL.1.player.review_contact,HLPL.1.player.choice_1,HLPL.1.player.choice_2,HLPL.1.player.choice_3,HLPL.1.player.choice_4,HLPL.1.player.choice_5,HLPL.1.player.choice_6,HLPL.1.player.choice_7,HLPL.1.player.choice_8,HLPL.1.player.choice_9,HLPL.1.player.choice_10,HLPL.1.player.choice_11,HLPL.1.player.random_draw,HLPL.1.player.choice_to_pay,HLPL.1.player.option_to_pay,HLPL.1.player.inconsistent,HLPL.1.player.switching_row,HLPL.1.group.id_in_subsession,HLPL.1.subsession.round_number,Outro.1.player.id_in_group,Outro.1.player.role,Outro.1.player.payoff,Outro.1.player.PQ01,Outro.1.player.PQ02,Outro.1.player.PQ03,Outro.1.player.PQ04,Outro.1.player.PQ05,Outro.1.player.PQ06,Outro.1.player.PQ07,Outro.1.player.PQ08,Outro.1.player.PQ09,Outro.1.player.PQ10,Outro.1.player.PQ11,Outro.1.player.PQ12,Outro.1.player.PQ13,Outro.1.player.PQ14,Outro.1.player.Age,Outro.1.player.Gender,Outro.1.player.Education,Outro.1.player.Income,Outro.1.player.CLICCS1,Outro.1.player.CLICCS2,Outro.1.group.id_in_subsession,Outro.1.subsession.round_number
1,7qxdsoam,t4maYfdVhE,0,77,77,Outro,Outro_Final,2021-07-01 15:00:22.276943+00:00,1,,,29,jyf8xd0s,,,,,0,0.05,5.00,0.0,0,10,1,,0,1495,1206,Safari 14,0,0,0,0,5,2,20,20,30,30,45,1,1,1,2,,23,,,0,0,,20,11,,3,3,23,0,6,0,0,36,9.0,14,0,80,1,2,,8,,,0,0,,23,5,,8,8,31,0,6,0,0,33,8.25,13,0,100,2,2,,3,,,0,0,,31,7,,3,3,34,0,6,0,0,25,6.25,10,0,119,3,2,,5,,,0,0,,34,7,,5,5,39,0,6,0,0,32,8.0,12,0,134,4,2,,3,,,0,0,,39,8,,3,3,42,0,6,0,0,27,6.75,11,0,150,5,2,,2,,,0,0,,42,6,,2,2,44,0,6,0,0,19,4.75,8,0,167,6,2,,3,,,0,0,,44,4,,3,3,47,0,6,0,0,17,4.25,7,0,180,7,2,,3,,,0,0,,47,4,,3,3,50,0,6,0,0,18,4.5,7,0,191,8,2,,2,,,0,0,,50,4,,2,2,52,0,6,0,0,16,4.0,6,0,201,9,2,,-23,3,20,0,0,,52,10,,-3,-3,49,0,6,0,0,17,4.25,7,0,209,10,1,,0,0,0,,,,,,,,,,,,,,,,,1,1,1,,0,6,4,4,3,4,4,4,6,0,5,4,1,5,6,58,male,7,2,Wasserversorgung/Ernährung,? Diskussion im eigenen Umfeld,1,1
2,1nlrkolq,XWm6VkOtJL,0,77,77,Outro,Outro_Final,2021-07-01 15:00:21.316548+00:00,1,,,37,jyf8xd0s,,,,,0,0.05,5.00,0.0,0,10,2,,0,1280,913,Chrome 91,1,0,2,2,2,0,20,20,30,30,45,1,1,1,2,,15,,,0,0,10,20,20,,-5,-5,15,0,2,0,0,40,10.0,15,0,80,1,2,,9,,,0,0,,15,15,,9,9,24,0,2,0,0,62,15.5,24,0,100,2,2,,8,,,0,0,,24,24,,8,8,32,0,2,0,0,83,20.75,32,0,134,3,2,,-2,,,0,0,,32,32,,-2,-2,30,0,2,0,0,79,19.75,30,0,179,4,2,,0,,,0,0,,30,30,,0,0,30,0,2,0,0,80,20.0,30,0,220,5,2,,-5,,,0,0,,30,30,,-5,-5,25,0,2,0,0,65,16.25,25,0,260,6,2,,7,,,0,0,,25,25,,7,7,32,0,2,0,0,85,21.25,32,0,295,7,2,,4,,,0,0,,32,32,,4,4,36,0,2,0,0,94,23.5,36,0,338,8,2,,1,,,0,0,,36,36,,1,1,37,0,2,0,0,98,24.5,37,0,388,9,2,,0,1,0,0,0,,37,37,,0,0,37,0,2,0,0,98,24.5,37,0,438,10,2,,0,0,0,,,,,,,,,,,,,,,,,1,1,2,,0,5,1,3,1,4,4,4,5,0,4,4,4,3,4,64,male,6,3,Stoppen der Erderwärmung,Energie sparen,1,1
3,4q799so5,R7YF9ODpja,0,77,77,Outro,Outro_Final,2021-07-01 15:00:21.366744+00:00,1,,,55,jyf8xd0s,,,,,0,0.05,5.00,0.0,0,10,3,,0,1920,969,Chrome 91,0,0,1,1,2,3,20,20,30,30,45,1,1,1,2,,25,,,0,0,10,20,10,,5,5,25,0,4,0,0,40,10.0,15,0,80,1,2,,9,,,0,0,,25,10,,9,9,34,0,4,0,0,50,12.5,19,0,100,2,2,,-3,,,0,0,,34,30,,-3,-3,31,0,4,0,0,72,18.0,27,0,126,3,2,,16,,,0,0,,31,10,,16,16,47,0,4,0,0,67,16.75,26,0,162,4,2,,10,,,0,0,,47,25,,10,10,57,0,4,0,0,93,23.25,35,0,199,5,2,,9,,,0,0,,57,30,,9,9,66,0,4,0,0,104,26.0,39,0,246,6,2,,11,,,0,0,,66,28,,11,11,77,0,4,0,0,102,25.5,39,0,298,7,2,,17,,,0,0,,77,25,,17,17,94,0,4,0,0,112,28.0,42,0,352,8,2,,13,,,0,0,,94,40,,13,13,107,0,4,0,0,140,35.0,53,0,408,9,2,,-52,2,50,0,0,,107,50,,-2,-2,105,0,4,0,0,126,31.5,48,0,480,10,3,,0,0,0,,,,,,,,,,,,,,,,,1,1,3,,0,3,2,4,0,5,5,5,5,0,4,3,4,4,4,63,female,5,2,"Meeresspiegel, Wassermangel, Luftverschmutzung, Wasserverschmutzung","keine Flüge, Energie sparen, Verzicht auf Plastik,",1,1
4,hwazt60e,E4mr2MeE6a,0,77,77,Outro,Outro_Final,2021-07-01 15:00:21.481089+00:00,1,,,60,jyf8xd0s,,,,,0,0.05,5.00,0.0,0,10,4,,0,1366,665,Firefox 84,0,0,1,1,10,9,20,20,30,30,45,1,1,1,2,,27,,,0,0,,20,5,,7,7,27,0,7,0,0,30,7.5,12,0,80,1,2,,6,,,0,0,,27,2,,6,6,33,0,7,0,0,19,4.75,8,0,98,2,2,,4,,,0,0,,33,3,,4,4,37,0,7,0,0,18,4.5,7,0,111,3,2,,3,,,0,0,,37,5,,3,3,40,0,7,0,0,20,5.0,8,0,121,4,2,,-1,,,0,0,,40,5,,-1,-1,39,0,7,0,0,10,2.5,4,0,133,5,2,,-1,,,0,0,,39,7,,-1,-1,38,0,7,0,0,16,4.0,6,0,139,6,2,,7,,,0,0,,38,5,,7,7,45,0,7,0,0,31,7.75,12,0,147,7,2,,7,,,0,0,,45,8,,7,7,52,0,7,0,0,38,9.5,15,0,164,8,2,,4,,,0,0,,52,8,,4,4,56,0,7,0,0,30,7.5,12,0,186,9,2,,4,3,0,0,0,,56,10,,4,4,60,0,7,0,0,35,8.75,14,0,204,10,4,,0,0,0,,,,,,,,,,,,,,,,,1,1,4,,0,4,1,4,0,6,5,6,5,0,1,3,4,2,5,50,male,7,5,"Katastrophen wie Trockenheit, Überschwemmung, Stürme, Artensterben","Ich achte auf meinen Plastikverbrauch, bin vielfahrender Radfahrer",1,1
5,mws1e1et,sj3u1U3YRr,0,77,77,Outro,Outro_Final,2021-07-01 15:00:21.515931+00:00,1,,,20,jyf8xd0s,,,,,0,0.05,5.00,0.0,0,10,5,,0,1360,657,Chrome 91,0,0,2,2,2,0,20,20,30,30,45,1,1,1,1,,0,,,0,0,0,20,,,,0,0,0,9,0,0,,,,0,,1,1,,0,,,0,0,,,,,,0,0,0,9,0,0,,,,0,,2,1,,0,,,0,0,,,,,,0,0,0,9,0,0,,,,0,,3,1,,0,,,0,0,,,,,,0,0,0,9,0,0,,,,0,,4,1,,0,,,0,0,,,,,,0,0,0,9,0,0,,,,0,,5,1,,0,,,0,0,,,,,,0,0,0,9,0,0,,,,0,,6,1,,0,,,0,0,,,,,,0,0,0,9,0,0,,,,0,,7,1,,0,,,0,0,,,,,,0,0,0,9,0,0,,,,0,,8,1,,0,,,0,0,,,,,,0,0,0,9,0,0,,,,0,,9,1,,20,,,0,0,,,,,,0,0,0,9,0,0,,,,0,,10,5,,0,0,0,,,,,,,,,,,,,,,,,1,1,5,,0,3,1,3,6,3,4,5,3,1,5,2,4,5,5,54,male,7,3,Wasserknappheit,Über neue Techniken nachdenken,1,1
6,noh2twn0,SkdjSAuegN,0,77,77,Outro,Outro_Final,2021-07-01 15:00:21.552603+00:00,1,,,46,jyf8xd0s,,,,,0,0.05,5.00,0.0,0,10,6,,0,1600,799,Chrome 91,5,3,5,5,5,1,20,20,30,30,45,1,1,1,4,,18,,,0,0,10,20,20,,-2,-2,18,0,5,0,0,48,12.0,18,0,80,1,4,,5,,,0,0,,18,9,,5,5,23,0,5,0,0,36,9.0,14,0,104,2,4,,8,,,0,0,,23,11,,8,8,31,0,5,0,0,50,12.5,19,0,124,3,4,,6,,,0,0,,31,15,,6,6,37,0,5,0,0,54,13.5,21,0,150,4,4,,2,,,0,0,,37,18,,2,2,39,0,5,0,0,52,13.0,20,0,180,5,4,,7,,,0,0,,39,20,,7,7,46,0,5,0,0,71,17.75,27,0,208,6,4,,3,,,0,0,,46,23,,3,3,49,0,5,0,0,67,16.75,26,0,245,7,4,,0,,,0,0,,49,25,,0,0,49,0,5,0,0,66,16.5,25,0,282,8,4,,8,,,0,0,,49,24,,8,8,57,0,5,0,0,85,21.25,32,0,316,9,4,,-11,2,15,0,0,,57,28,,4,4,61,0,5,0,0,85,21.25,32,0,359,10,6,,0,0,0,,,,,,,,,,,,,,,,,1,1,6,,0,4,4,3,3,4,3,6,6,5,4,4,5,5,6,29,female,6,1,Anpassung der Gesellschaft und aktueller Lifestyle an das wandelnde Klima. Viele werden wahrscheinlich nicht auf das Auto verzichten.,"Ich versuche möglichst öffentliche Verkehrsmittel zu benutzen und beim konsumieren von bestimmten Gegenstände frage ich mich dann, ob es wirklich sein muss bzw. brauche ich es wirklich.",1,1
7,o4hnha0r,qPctS3RAKg,0,77,77,Outro,Outro_Final,2021-07-01 15:00:21.594188+00:00,1,,,75,jyf8xd0s,,,,,0,0.05,5.00,0.0,0,10,7,,0,1280,609,Chrome 91,0,0,1,0,0,1,20,20,30,30,45,1,1,1,1,,35,,,0,0,8,20,0,,15,15,35,0,2,0,0,40,10.0,15,0,80,1,1,,-6,,,0,0,,35,30,,-6,-6,29,0,2,0,0,62,15.5,24,0,100,2,1,,12,,,0,0,,29,20,,12,12,41,0,2,0,0,83,20.75,32,0,134,3,1,,25,,,0,0,,41,5,,25,25,66,0,2,0,0,79,19.75,30,0,179,4,1,,10,,,0,0,,66,20,,10,10,76,0,2,0,0,80,20.0,30,0,220,5,1,,15,,,0,0,,76,10,,15,15,91,0,2,0,0,65,16.25,25,0,260,6,1,,17,,,0,0,,91,15,,17,17,108,0,2,0,0,85,21.25,32,0,295,7,1,,16,,,0,0,,108,20,,16,16,124,0,2,0,0,94,23.5,36,0,338,8,1,,17,,,0,0,,124,20,,17,17,141,0,2,0,0,98,24.5,37,0,388,9,1,,-66,2,75,0,0,,141,28,,9,9,150,0,2,0,0,98,24.5,37,0,438,10,7,,0,0,0,,,,,,,,,,,,,,,,,1,1,7,,0,5,2,3,4,2,3,5,2,0,4,3,1,4,6,45,male,7,2,Verzicht aus Annehmlichkeiten,"Vorbild sein, möglichst kleiner Co2 Fußabdruck",1,1
8,lu3l8xac,HHzPsWqkkA,0,77,77,Outro,Outro_Final,2021-07-01 15:00:21.630519+00:00,1,,,100,jyf8xd0s,,,,,0,0.05,5.00,0.0,0,10,8,,0,1920,969,Chrome 91,0,0,1,1,1,2,20,20,30,30,45,1,1,1,1,,28,,,0,0,9,20,10,,8,8,28,0,5,0,0,48,12.0,18,0,80,1,1,,4,,,0,0,,28,10,,4,4,32,0,5,0,0,36,9.0,14,0,104,2,1,,9,,,0,0,,32,10,,9,9,41,0,5,0,0,50,12.5,19,0,124,3,1,,11,,,0,0,,41,10,,11,11,52,0,5,0,0,54,13.5,21,0,150,4,1,,8,,,0,0,,52,12,,8,8,60,0,5,0,0,52,13.0,20,0,180,5,1,,12,,,0,0,,60,15,,12,12,72,0,5,0,0,71,17.75,27,0,208,6,1,,6,,,0,0,,72,20,,6,6,78,0,5,0,0,67,16.75,26,0,245,7,1,,15,,,0,0,,78,10,,15,15,93,0,5,0,0,66,16.5,25,0,282,8,1,,22,,,0,0,,93,10,,22,22,115,0,5,0,0,85,21.25,32,0,316,9,1,,-15,2,32,0,0,,115,15,,17,17,132,0,5,0,0,85,21.25,32,0,359,10,8,,0,0,0,,,,,,,,,,,,,,,,,1,1,8,,0,3,4,3,1,3,4,5,5,1,3,5,3,3,5,49,female,3,2,Entwicklung Nachhaltigkeit Weltweit,..,1,1
9,aoggj216,KzaAqZ0kNM,0,77,77,Outro,Outro_Final,2021-07-01 15:00:21.665011+00:00,1,,,67,jyf8xd0s,,,,,0,0.05,5.00,0.0,0,10,9,,0,1536,721,Firefox 89,0,0,2,2,1,2,20,20,30,30,45,1,1,1,4,,22,,,0,0,8,20,10,,2,2,22,0,7,0,0,30,7.5,12,0,80,1,4,,8,,,0,0,,22,0,,8,8,30,0,7,0,0,19,4.75,8,0,98,2,4,,2,,,0,0,,30,5,,2,2,32,0,7,0,0,18,4.5,7,0,111,3,4,,0,,,0,0,,32,8,,0,0,32,0,7,0,0,20,5.0,8,0,121,4,4,,4,,,0,0,,32,0,,4,4,36,0,7,0,0,10,2.5,4,0,133,5,4,,1,,,0,0,,36,5,,1,1,37,0,7,0,0,16,4.0,6,0,139,6,4,,4,,,0,0,,37,8,,4,4,41,0,7,0,0,31,7.75,12,0,147,7,4,,15,,,0,0,,41,0,,15,15,56,0,7,0,0,38,9.5,15,0,164,8,4,,2,,,0,0,,56,10,,2,2,58,0,7,0,0,30,7.5,12,0,186,9,4,,9,2,0,0,0,,58,5,,9,9,67,0,7,0,0,35,8.75,14,0,204,10,9,,0,0,0,,,,,,,,,,,,,,,,,1,1,9,,0,5,1,5,1,5,3,6,5,0,4,5,5,4,4,45,female,6,2,Die Menschen zum Umdenken zu bewegen und das auch kleine Schritte schon viel helfen.,"Versuchen, das Auto weniger zu benutzen, gerade für kürzere Strecken.",1,1
10,0tmkyzhn,PERZqsVJS6,0,77,77,Outro,Outro_Final,2021-07-01 15:00:21.697375+00:00,1,,,28,jyf8xd0s,,,,,0,0.05,5.00,0.0,0,10,10,,0,1366,615,Firefox 89,0,0,0,0,1,0,20,20,30,30,45,1,1,1,1,,17,,,0,0,10,20,15,,-3,-3,17,0,7,0,0,30,7.5,12,0,80,1,1,,1,,,0,0,,17,7,,1,1,18,0,7,0,0,19,4.75,8,0,98,2,1,,7,,,0,0,,18,0,,7,7,25,0,7,0,0,18,4.5,7,0,111,3,1,,3,,,0,0,,25,5,,3,3,28,0,7,0,0,20,5.0,8,0,121,4,1,,4,,,0,0,,28,0,,4,4,32,0,7,0,0,10,2.5,4,0,133,5,1,,6,,,0,0,,32,0,,6,6,38,0,7,0,0,16,4.0,6,0,139,6,1,,4,,,0,0,,38,8,,4,4,42,0,7,0,0,31,7.75,12,0,147,7,1,,0,,,0,0,,42,15,,0,0,42,0,7,0,0,38,9.5,15,0,164,8,1,,12,,,0,0,,42,0,,12,12,54,0,7,0,0,30,7.5,12,0,186,9,1,,-26,3,20,0,0,,54,20,,-6,-6,48,0,7,0,0,35,8.75,14,0,204,10,10,,0,0,0,,,,,,,,,,,,,,,,,1,1,10,,0,3,1,3,0,3,1,1,1,0,5,3,2,3,6,65,female,6,2,"Konsum einschränken, Wachstum stoppen",weniger u. überlegter Konsum,1,1
11,70l2i4j9,vN8W48E4A0,0,2,77,Intro,Intro_Instructions,2021-07-01 15:00:21.858815+00:00,1,,,0,jyf8xd0s,,,,,0,0.05,5.00,0.0,0,10,11,,0,1280,603,Firefox 89,0,0,6,6,6,6,20,20,,,,,1,1,11,,0,,,0,0,,,,,,,,0,1,1,0,,,,0,,1,11,,0,,,0,0,,,,,,,,0,1,0,0,,,,0,,2,11,,0,,,0,0,,,,,,,,0,1,0,0,,,,0,,3,11,,0,,,0,0,,,,,,,,0,1,0,0,,,,0,,4,11,,0,,,0,0,,,,,,,,0,1,0,0,,,,0,,5,11,,0,,,0,0,,,,,,,,0,1,0,0,,,,0,,6,11,,0,,,0,0,,,,,,,,0,1,0,0,,,,0,,7,11,,0,,,0,0,,,,,,,,0,1,0,0,,,,0,,8,11,,0,,,0,0,,,,,,,,0,1,0,0,,,,0,,9,11,,0,,,0,0,,,,,,,,0,1,0,0,,,,0,,10,11,,0,0,0,,,,,,,,,,,,,,,,,1,1,11,,0,,,,,,,,,,,,,,,,,,,,,1,1
12,6iej8m36,OdQ5mJXjU9,0,77,77,Outro,Outro_Final,2021-07-01 15:00:21.782800+00:00,1,,,120,jyf8xd0s,,,,,0,0.05,5.00,0.0,0,10,12,,0,1920,955,Firefox 89,0,0,1,1,4,1,20,20,30,30,45,1,1,1,2,,30,,,0,0,,20,8,,10,10,30,0,5,0,0,48,12.0,18,0,80,1,2,,9,,,0,0,,30,5,,9,9,39,0,5,0,0,36,9.0,14,0,104,2,2,,5,,,0,0,,39,14,,5,5,44,0,5,0,0,50,12.5,19,0,124,3,2,,7,,,0,0,,44,14,,7,7,51,0,5,0,0,54,13.5,21,0,150,4,2,,18,,,0,0,,51,2,,18,18,69,0,5,0,0,52,13.0,20,0,180,5,2,,8,,,0,0,,69,19,,8,8,77,0,5,0,0,71,17.75,27,0,208,6,2,,24,,,0,0,,77,2,,24,24,101,0,5,0,0,67,16.75,26,0,245,7,2,,14,,,0,0,,101,11,,14,14,115,0,5,0,0,66,16.5,25,0,282,8,2,,7,,,0,0,,115,25,,7,7,122,0,5,0,0,85,21.25,32,0,316,9,2,,-2,2,22,0,0,,122,12,,20,20,142,0,5,0,0,85,21.25,32,0,359,10,12,,0,0,0,,,,,,,,,,,,,,,,,1,1,12,,0,4,2,4,1,6,3,6,1,1,2,5,4,2,5,36,female,6,2,Hochwasser,vorbereitende Sanierungsmaßnahmen,1,1
13,wxz5apgl,I85sXqjqRf,0,77,77,Outro,Outro_Final,2021-07-01 15:00:21.824561+00:00,1,,,47,jyf8xd0s,,,,,0,0.05,5.00,0.0,0,10,13,,0,1680,937,Firefox 89,0,0,2,2,1,2,20,20,30,30,45,1,1,1,1,,25,,,0,0,10,20,10,,5,5,25,0,4,0,0,40,10.0,15,0,80,1,1,,9,,,0,0,,25,10,,9,9,34,0,4,0,0,50,12.5,19,0,100,2,1,,10,,,0,0,,34,17,,10,10,44,0,4,0,0,72,18.0,27,0,126,3,1,,4,,,0,0,,44,22,,4,4,48,0,4,0,0,67,16.75,26,0,162,4,1,,11,,,0,0,,48,24,,11,11,59,0,4,0,0,93,23.25,35,0,199,5,1,,10,,,0,0,,59,29,,10,10,69,0,4,0,0,104,26.0,39,0,246,6,1,,5,,,0,0,,69,34,,5,5,74,0,4,0,0,102,25.5,39,0,298,7,1,,5,,,0,0,,74,37,,5,5,79,0,4,0,0,112,28.0,42,0,352,8,1,,13,,,0,0,,79,40,,13,13,92,0,4,0,0,140,35.0,53,0,408,9,1,,-45,2,47,0,0,,92,46,,2,2,94,0,4,0,0,126,31.5,48,0,480,10,13,,0,0,0,,,,,,,,,,,,,,,,,1,1,13,,0,4,1,5,1,6,4,5,5,3,3,5,5,6,6,37,male,7,5,Akzeptanz des Problems und Geschwindigkeit in der Adaption,"Keinen ""Schuldigen"" suchen, Lösungsorientiert denken, nicht aufgeben und produktiv das umsetzen, was es zu tun gibt.",1,1
14,qygq0e1o,Xcqt2A9XE3,0,77,77,Outro,Outro_Final,2021-07-01 15:00:21.736863+00:00,1,,,70,jyf8xd0s,,,,,0,0.05,5.00,0.0,0,10,14,,0,1600,789,Chrome 91,0,0,0,0,0,0,20,20,30,30,45,1,1,1,1,,29,,,0,0,9,20,5,,9,9,29,0,6,0,0,36,9.0,14,0,80,1,1,,7,,,0,0,,29,6,,7,7,36,0,6,0,0,33,8.25,13,0,100,2,1,,6,,,0,0,,36,4,,6,6,42,0,6,0,0,25,6.25,10,0,119,3,1,,5,,,0,0,,42,7,,5,5,47,0,6,0,0,32,8.0,12,0,134,4,1,,7,,,0,0,,47,4,,7,7,54,0,6,0,0,27,6.75,11,0,150,5,1,,3,,,0,0,,54,5,,3,3,57,0,6,0,0,19,4.75,8,0,167,6,1,,6,,,0,0,,57,1,,6,6,63,0,6,0,0,17,4.25,7,0,180,7,1,,2,,,0,0,,63,5,,2,2,65,0,6,0,0,18,4.5,7,0,191,8,1,,5,,,0,0,,65,1,,5,5,70,0,6,0,0,16,4.0,6,0,201,9,1,,0,3,0,0,0,,70,7,,0,0,70,0,6,0,0,17,4.25,7,0,209,10,14,,0,0,0,,,,,,,,,,,,,,,,,1,1,14,,0,4,3,5,2,4,4,6,3,6,2,5,3,4,3,40,male,4,5,Klares denken der Politiker,nur beobachten,1,1
15,542u0l1u,gz5bf5pC3C,0,77,77,Outro,Outro_Final,2021-07-01 15:00:21.894048+00:00,1,,,48,jyf8xd0s,,,,,0,0.05,5.00,0.0,0,10,15,,0,1366,657,Chrome 91,0,0,1,1,11,1,20,20,30,30,45,1,1,1,4,,28,,,0,0,10,20,0,,8,8,28,0,8,0,0,20,5.0,8,0,80,1,4,,7,,,0,0,,28,0,,7,7,35,0,8,0,0,17,4.25,7,0,92,2,4,,2,,,0,0,,35,0,,2,2,37,0,8,0,0,3,0.75,2,0,103,3,4,,1,,,0,0,,37,1,,1,1,38,0,8,0,0,4,1.0,2,0,108,4,4,,3,,,0,0,,38,0,,3,3,41,0,8,0,0,6,1.5,3,0,112,5,4,,0,,,0,0,,41,1,,0,0,41,0,8,0,0,1,0.25,1,0,118,6,4,,3,,,0,0,,41,0,,3,3,44,0,8,0,0,7,1.75,3,0,121,7,4,,2,,,0,0,,44,0,,2,2,46,0,8,0,0,4,1.0,2,0,126,8,4,,1,,,0,0,,46,1,,1,1,47,0,8,0,0,3,0.75,2,0,130,9,4,,1,2,0,0,0,,47,0,,1,1,48,0,8,0,0,2,0.5,1,0,135,10,15,,0,0,0,,,,,,,,,,,,,,,,,1,1,15,,0,4,4,3,2,5,4,6,2,6,0,4,4,5,4,32,female,7,9999,-,-,1,1
16,mzrhqeq9,NZTEc5upQR,0,77,77,Outro,Outro_Final,2021-07-01 15:00:22.041838+00:00,1,,,0,jyf8xd0s,,,,,0,0.05,5.00,0.0,0,10,16,,0,1752,955,Firefox 89,0,0,0,0,1,2,20,20,30,30,45,1,1,1,3,,25,,,0,0,9,20,10,,5,5,25,0,2,0,0,40,10.0,15,0,80,1,3,,12,,,0,0,,25,12,,12,12,37,0,2,0,0,62,15.5,24,0,100,2,3,,7,,,0,0,,37,25,,7,7,44,0,2,0,0,83,20.75,32,0,134,3,3,,10,,,0,0,,44,20,,10,10,54,0,2,0,0,79,19.75,30,0,179,4,3,,10,,,0,0,,54,20,,10,10,64,0,2,0,0,80,20.0,30,0,220,5,3,,20,,,0,0,,64,5,,20,20,84,0,2,0,0,65,16.25,25,0,260,6,3,,12,,,0,0,,84,20,,12,12,96,0,2,0,0,85,21.25,32,0,295,7,3,,16,,,0,0,,96,20,,16,16,112,0,2,0,0,94,23.5,36,0,338,8,3,,15,,,0,0,,112,22,,15,15,127,0,2,0,0,98,24.5,37,0,388,9,3,,-127,3,154,0,0,,127,10,,27,27,154,0,2,0,0,98,24.5,37,0,438,10,16,,0,0,0,,,,,,,,,,,,,,,,,1,1,16,,0,4,1,4,0,3,4,5,3,0,5,3,4,3,5,64,male,7,4,Konsumreduktion,Verzicht auf unwichtiges nach dem Pareto Prinzip,1,1
17,snp7022l,0KzMYvU7dL,0,77,77,Outro,Outro_Final,2021-07-01 15:00:21.958407+00:00,1,,,25,jyf8xd0s,,,,,0,0.05,5.00,0.0,0,10,17,,0,1920,884,Firefox 87,0,0,3,4,0,0,20,20,30,30,45,1,1,1,3,,32,,,0,0,8,20,0,,12,12,32,0,7,0,0,30,7.5,12,0,80,1,3,,-2,,,0,0,,32,10,,-2,-2,30,0,7,0,0,19,4.75,8,0,98,2,3,,-3,,,0,0,,30,10,,-3,-3,27,0,7,0,0,18,4.5,7,0,111,3,3,,6,,,0,0,,27,2,,6,6,33,0,7,0,0,20,5.0,8,0,121,4,3,,-1,,,0,0,,33,5,,-1,-1,32,0,7,0,0,10,2.5,4,0,133,5,3,,2,,,0,0,,32,4,,2,2,34,0,7,0,0,16,4.0,6,0,139,6,3,,2,,,0,0,,34,10,,2,2,36,0,7,0,0,31,7.75,12,0,147,7,3,,0,,,0,0,,36,15,,0,0,36,0,7,0,0,38,9.5,15,0,164,8,3,,0,,,0,0,,36,12,,0,0,36,0,7,0,0,30,7.5,12,0,186,9,3,,-11,1,25,0,0,,36,0,,14,14,50,0,7,0,0,35,8.75,14,0,204,10,17,,0,0,0,,,,,,,,,,,,,,,,,1,1,17,,0,4,1,5,5,4,2,6,6,1,5,3,1,6,6,65,female,3,4,Die Emissionen durch die Industrie zu senken,Bei den Wahlen das Kreuz an der richtigen Stelle machen;-),1,1
18,m9mb1jyf,Uit5S0vzio,0,77,77,Outro,Outro_Final,2021-07-01 15:00:22.392665+00:00,1,,,95,jyf8xd0s,,,,,0,0.05,5.00,0.0,0,10,18,,0,390,659,Safari 14,0,0,1,1,1,1,20,20,30,30,45,1,1,1,4,,32,,,0,0,8,20,5,,12,12,32,0,3,0,0,45,11.25,17,0,80,1,4,,6,,,0,0,,32,5,,6,6,38,0,3,0,0,27,6.75,11,0,103,2,4,,4,,,0,0,,38,10,,4,4,42,0,3,0,0,37,9.25,14,0,120,3,4,,6,,,0,0,,42,10,,6,6,48,0,3,0,0,42,10.5,16,0,139,4,4,,5,,,0,0,,48,15,,5,5,53,0,3,0,0,51,12.75,20,0,161,5,4,,9,,,0,0,,53,15,,9,9,62,0,3,0,0,62,15.5,24,0,190,6,4,,8,,,0,0,,62,20,,8,8,70,0,3,0,0,73,18.25,28,0,224,7,4,,7,,,0,0,,70,25,,7,7,77,0,3,0,0,85,21.25,32,0,263,8,4,,12,,,0,0,,77,25,,12,12,89,0,3,0,0,98,24.5,37,0,306,9,4,,6,3,0,0,0,,89,30,,6,6,95,0,3,0,0,95,23.75,36,0,356,10,18,,0,0,0,,,,,,,,,,,,,,,,,1,1,18,,0,5,1,4,1,5,6,6,5,0,1,4,4,3,3,50,female,7,9999,Industrie,Ich versuche im kleinen meinen Beitrag zu leisten,1,1
19,exquhzcv,0gay6mY5rE,0,77,77,Outro,Outro_Final,2021-07-01 15:00:22.000323+00:00,1,,,100,jyf8xd0s,,,,,0,0.05,5.00,0.0,0,10,19,,0,1440,757,Chrome 91,0,0,0,0,0,0,20,20,30,30,45,1,1,1,2,,32,,,0,0,10,20,5,,12,12,32,0,3,0,0,45,11.25,17,0,80,1,2,,1,,,0,0,,32,10,,1,1,33,0,3,0,0,27,6.75,11,0,103,2,2,,6,,,0,0,,33,8,,6,6,39,0,3,0,0,37,9.25,14,0,120,3,2,,6,,,0,0,,39,10,,6,6,45,0,3,0,0,42,10.5,16,0,139,4,2,,9,,,0,0,,45,11,,9,9,54,0,3,0,0,51,12.75,20,0,161,5,2,,12,,,0,0,,54,12,,12,12,66,0,3,0,0,62,15.5,24,0,190,6,2,,15,,,0,0,,66,13,,15,15,81,0,3,0,0,73,18.25,28,0,224,7,2,,17,,,0,0,,81,15,,17,17,98,0,3,0,0,85,21.25,32,0,263,8,2,,19,,,0,0,,98,18,,19,19,117,0,3,0,0,98,24.5,37,0,306,9,2,,-17,2,33,0,0,,117,20,,16,16,133,0,3,0,0,95,23.75,36,0,356,10,19,,0,0,0,,,,,,,,,,,,,,,,,1,1,19,,0,2,4,3,1,4,4,5,5,4,3,4,5,5,5,67,male,6,3,"Bewohnbarkeit, Artenerhalt","Politische Ausrichtung, beispielhaft leben",1,1
20,nswbucyb,PVLmJGzle8,0,2,77,Intro,Intro_Instructions,2021-07-01 15:00:22.165110+00:00,1,,,0,jyf8xd0s,,,,,0,0.05,5.00,0.0,0,10,20,,0,1536,722,Chrome 91,0,0,4,4,4,0,20,20,,,,1,1,1,20,,0,,,0,0,,,,,,,,0,1,1,0,,,,0,,1,20,,0,,,0,0,,,,,,,,0,1,0,0,,,,0,,2,20,,0,,,0,0,,,,,,,,0,1,0,0,,,,0,,3,20,,0,,,0,0,,,,,,,,0,1,0,0,,,,0,,4,20,,0,,,0,0,,,,,,,,0,1,0,0,,,,0,,5,20,,0,,,0,0,,,,,,,,0,1,0,0,,,,0,,6,20,,0,,,0,0,,,,,,,,0,1,0,0,,,,0,,7,20,,0,,,0,0,,,,,,,,0,1,0,0,,,,0,,8,20,,0,,,0,0,,,,,,,,0,1,0,0,,,,0,,9,20,,0,,,0,0,,,,,,,,0,1,0,0,,,,0,,10,20,,0,0,0,,,,,,,,,,,,,,,,,1,1,20,,0,,,,,,,,,,,,,,,,,,,,,1,1
21,mp7thwfr,60x1zi24lO,0,77,77,Outro,Outro_Final,2021-07-01 15:00:22.245739+00:00,1,,,87,jyf8xd0s,,,,,0,0.05,5.00,0.0,0,10,21,,0,1600,786,Firefox 89,0,0,0,0,3,1,20,20,30,30,45,1,1,1,3,,17,,,0,0,10,20,20,,-3,-3,17,0,3,0,0,45,11.25,17,0,80,1,3,,4,,,0,0,,17,7,,4,4,21,0,3,0,0,27,6.75,11,0,103,2,3,,5,,,0,0,,21,9,,5,5,26,0,3,0,0,37,9.25,14,0,120,3,3,,4,,,0,0,,26,12,,4,4,30,0,3,0,0,42,10.5,16,0,139,4,3,,10,,,0,0,,30,10,,10,10,40,0,3,0,0,51,12.75,20,0,161,5,3,,4,,,0,0,,40,20,,4,4,44,0,3,0,0,62,15.5,24,0,190,6,3,,13,,,0,0,,44,15,,13,13,57,0,3,0,0,73,18.25,28,0,224,7,3,,12,,,0,0,,57,20,,12,12,69,0,3,0,0,85,21.25,32,0,263,8,3,,7,,,0,0,,69,30,,7,7,76,0,3,0,0,98,24.5,37,0,306,9,3,,11,2,10,0,0,,76,15,,21,21,97,0,3,0,0,95,23.75,36,0,356,10,21,,0,0,0,,,,,,,,,,,,,,,,,1,1,21,,0,5,1,5,0,5,1,4,5,0,5,4,3,4,5,53,male,7,3,Temperaturanstieg,CO2 neutral werden,1,1
22,h56b8po1,L8CzciHS5y,0,77,77,Outro,Outro_Final,2021-07-01 15:00:22.207028+00:00,1,,,15,jyf8xd0s,,,,,0,0.05,5.00,0.0,0,10,22,,0,1280,709,Safari 13,0,0,1,1,5,6,20,20,30,30,45,1,1,1,2,,26,,,0,0,8,20,2,,6,6,26,0,8,0,0,20,5.0,8,0,80,1,2,,2,,,0,0,,26,5,,2,2,28,0,8,0,0,17,4.25,7,0,92,2,2,,0,,,0,0,,28,2,,0,0,28,0,8,0,0,3,0.75,2,0,103,3,2,,2,,,0,0,,28,0,,2,2,30,0,8,0,0,4,1.0,2,0,108,4,2,,3,,,0,0,,30,0,,3,3,33,0,8,0,0,6,1.5,3,0,112,5,2,,1,,,0,0,,33,0,,1,1,34,0,8,0,0,1,0.25,1,0,118,6,2,,0,,,0,0,,34,3,,0,0,34,0,8,0,0,7,1.75,3,0,121,7,2,,-1,,,0,0,,34,3,,-1,-1,33,0,8,0,0,4,1.0,2,0,126,8,2,,2,,,0,0,,33,0,,2,2,35,0,8,0,0,3,0.75,2,0,130,9,2,,-20,3,20,0,0,,35,1,,0,0,35,0,8,0,0,2,0.5,1,0,135,10,22,,0,0,0,,,,,,,,,,,,,,,,,1,1,22,,0,3,0,6,0,6,6,6,6,3,4,4,6,2,4,69,male,4,4,CO2 Reduktion und Trinkwasserverbrauch,"Photovoltaik in Planung, CO2 Fußabdruck wird reduziert durch gezielte Kfz-Nutzung und Vermeidung von Flügen.",1,1
23,fnp542ah,Vxrc9en559,0,77,77,Outro,Outro_Final,2021-07-01 15:00:22.084133+00:00,1,,,34,jyf8xd0s,,,,,0,0.05,5.00,0.0,0,10,23,,0,1366,625,Chrome 87,0,0,1,1,1,2,20,20,30,30,45,1,1,1,3,,29,,,0,0,10,20,5,,9,9,29,0,6,0,0,36,9.0,14,0,80,1,3,,3,,,0,0,,29,10,,3,3,32,0,6,0,0,33,8.25,13,0,100,2,3,,-2,,,0,0,,32,12,,-2,-2,30,0,6,0,0,25,6.25,10,0,119,3,3,,2,,,0,0,,30,10,,2,2,32,0,6,0,0,32,8.0,12,0,134,4,3,,3,,,0,0,,32,8,,3,3,35,0,6,0,0,27,6.75,11,0,150,5,3,,1,,,0,0,,35,7,,1,1,36,0,6,0,0,19,4.75,8,0,167,6,3,,-3,,,0,0,,36,10,,-3,-3,33,0,6,0,0,17,4.25,7,0,180,7,3,,-1,,,0,0,,33,8,,-1,-1,32,0,6,0,0,18,4.5,7,0,191,8,3,,-1,,,0,0,,32,7,,-1,-1,31,0,6,0,0,16,4.0,6,0,201,9,3,,3,2,4,0,0,,31,0,,7,7,38,0,6,0,0,17,4.25,7,0,209,10,23,,0,0,0,,,,,,,,,,,,,,,,,1,1,23,,0,5,3,3,2,3,4,5,5,2,4,1,1,3,2,51,male,7,5,Wachstum der Weltbevölkerung,Versuche im kleinen meinen Beitrag zu leisten,1,1
24,lr17ksyy,lghvkHCbJe,0,77,77,Outro,Outro_Final,2021-07-01 15:00:22.119214+00:00,1,,,0,jyf8xd0s,,,,,0,0.05,5.00,0.0,0,10,24,,0,1600,757,Firefox 89,1,0,1,0,0,7,20,20,30,30,45,1,1,1,3,,18,,,0,0,5,20,10,,-2,-2,18,0,8,0,0,20,5.0,8,0,80,1,3,,-2,,,0,0,,18,9,,-2,-2,16,0,8,0,0,17,4.25,7,0,92,2,3,,2,,,0,0,,16,0,,2,2,18,0,8,0,0,3,0.75,2,0,103,3,3,,-1,,,0,0,,18,3,,-1,-1,17,0,8,0,0,4,1.0,2,0,108,4,3,,0,,,0,0,,17,3,,0,0,17,0,8,0,0,6,1.5,3,0,112,5,3,,1,,,0,0,,17,0,,1,1,18,0,8,0,0,1,0.25,1,0,118,6,3,,3,,,0,0,,18,0,,3,3,21,0,8,0,0,7,1.75,3,0,121,7,3,,1,,,0,0,,21,1,,1,1,22,0,8,0,0,4,1.0,2,0,126,8,3,,0,,,0,0,,22,2,,0,0,22,0,8,0,0,3,0.75,2,0,130,9,3,,-22,2,22,0,0,,22,1,,0,0,22,0,8,0,0,2,0.5,1,0,135,10,24,,0,0,0,,,,,,,,,,,,,,,,,1,1,24,,0,3,1,5,1,5,1,5,5,0,1,4,4,4,4,73,female,6,4,"Emissionsminderung, Resourceneinsparung, Recycling","bewusstes Verhalten, ÖPNV nutzen, Energiesparen",1,1
25,fkjiwkub,CQx7Odk2yR,0,77,77,Outro,Outro_Final,2021-07-01 15:00:22.542769+00:00,1,,,100,jyf8xd0s,,,,,0,0.05,5.00,0.0,0,10,25,,0,1840,939,Safari 14,0,0,0,0,1,0,20,20,30,30,45,1,1,1,4,,25,,,0,0,,20,10,,5,5,25,0,2,0,0,40,10.0,15,0,80,1,4,,19,,,0,0,,25,5,,19,19,44,0,2,0,0,62,15.5,24,0,100,2,4,,18,,,0,0,,44,14,,18,18,62,0,2,0,0,83,20.75,32,0,134,3,4,,8,,,0,0,,62,22,,8,8,70,0,2,0,0,79,19.75,30,0,179,4,4,,20,,,0,0,,70,10,,20,20,90,0,2,0,0,80,20.0,30,0,220,5,4,,5,,,0,0,,90,20,,5,5,95,0,2,0,0,65,16.25,25,0,260,6,4,,7,,,0,0,,95,25,,7,7,102,0,2,0,0,85,21.25,32,0,295,7,4,,14,,,0,0,,102,22,,14,14,116,0,2,0,0,94,23.5,36,0,338,8,4,,17,,,0,0,,116,20,,17,17,133,0,2,0,0,98,24.5,37,0,388,9,4,,-33,2,47,0,0,,133,23,,14,14,147,0,2,0,0,98,24.5,37,0,438,10,25,,0,0,0,,,,,,,,,,,,,,,,,1,1,25,,0,5,3,4,0,6,4,6,5,0,3,4,5,2,3,50,female,7,9999,Das Verhalten von uns Menschen - mich eingeschlossen - nachhaltig zu verändern. Leider siegt oft die Bequemlichkeit und/oder der Blick auf das Portemonnaie/Konto.,"Ich versuche meinen Teil beizutragen (benutzte fast ausschließlich öffentliche Verkehrsmittel), aber es gibt auch Lebensbereiche, in denen mir eine umweltverträgliche Entscheidung schwerer fällt (z.B. wenn es um den Urlaub geht). Nichtsdestotrotz ist mir das Thema wichtig und wenn immer möglich, würde ich mich für die umweltfreundlichere Alternative entscheiden.",1,1
26,tq9xpl62,0QefO1v9NW,0,77,77,Outro,Outro_Final,2021-07-01 15:00:22.430272+00:00,1,,,141,jyf8xd0s,,,,,0,0.05,5.00,0.0,0,10,26,,0,980,1411,Chrome 87,0,0,0,0,6,8,20,20,30,30,45,1,1,1,4,,25,,,0,0,10,20,10,,5,5,25,0,4,0,0,40,10.0,15,0,80,1,4,,4,,,0,0,,25,15,,4,4,29,0,4,0,0,50,12.5,19,0,100,2,4,,12,,,0,0,,29,15,,12,12,41,0,4,0,0,72,18.0,27,0,126,3,4,,5,,,0,0,,41,21,,5,5,46,0,4,0,0,67,16.75,26,0,162,4,4,,9,,,0,0,,46,26,,9,9,55,0,4,0,0,93,23.25,35,0,199,5,4,,14,,,0,0,,55,25,,14,14,69,0,4,0,0,104,26.0,39,0,246,6,4,,19,,,0,0,,69,20,,19,19,88,0,4,0,0,102,25.5,39,0,298,7,4,,22,,,0,0,,88,20,,22,22,110,0,4,0,0,112,28.0,42,0,352,8,4,,13,,,0,0,,110,40,,13,13,123,0,4,0,0,140,35.0,53,0,408,9,4,,18,2,20,0,0,,123,10,,38,38,161,0,4,0,0,126,31.5,48,0,480,10,26,,0,0,0,,,,,,,,,,,,,,,,,1,1,26,,0,2,5,4,5,5,5,5,2,0,2,4,4,2,4,47,female,6,2,"Schnelle Entscheidungen treffen, um den Klimawandel aufzuhalten","Alles unterstützen, was den Klimawandel aufhält",1,1
27,7v7fea76,Y1qLvoW72W,0,77,77,Outro,Outro_Final,2021-07-01 15:00:22.308012+00:00,1,,,50,jyf8xd0s,,,,,0,0.05,5.00,0.0,0,10,27,,0,1005,952,Firefox 89,0,0,0,0,1,0,20,20,30,30,45,1,1,1,4,,19,,,0,0,10,20,15,,-1,-1,19,0,6,0,0,36,9.0,14,0,80,1,4,,1,,,0,0,,19,12,,1,1,20,0,6,0,0,33,8.25,13,0,100,2,4,,8,,,0,0,,20,2,,8,8,28,0,6,0,0,25,6.25,10,0,119,3,4,,4,,,0,0,,28,8,,4,4,32,0,6,0,0,32,8.0,12,0,134,4,4,,4,,,0,0,,32,7,,4,4,36,0,6,0,0,27,6.75,11,0,150,5,4,,7,,,0,0,,36,1,,7,7,43,0,6,0,0,19,4.75,8,0,167,6,4,,5,,,0,0,,43,2,,5,5,48,0,6,0,0,17,4.25,7,0,180,7,4,,6,,,0,0,,48,1,,6,6,54,0,6,0,0,18,4.5,7,0,191,8,4,,2,,,0,0,,54,4,,2,2,56,0,6,0,0,16,4.0,6,0,201,9,4,,-6,2,13,0,0,,56,0,,7,7,63,0,6,0,0,17,4.25,7,0,209,10,27,,0,0,0,,,,,,,,,,,,,,,,,1,1,27,,0,3,1,5,2,4,5,2,4,0,5,4,4,3,3,63,male,7,5,Bevölkerungswachstum,"nur ein Kind, geringen CO2 Fußabdruck",1,1
28,qc9i5tcf,So0ZLDGvqw,0,77,77,Outro,Outro_Final,2021-07-01 15:00:22.343537+00:00,1,,,80,jyf8xd0s,,,,,0,0.05,5.00,0.0,0,10,28,,0,1194,727,Safari 14,0,0,1,1,3,0,20,20,30,30,45,1,1,1,1,,22,,,0,0,9,20,15,,2,2,22,0,3,0,0,45,11.25,17,0,80,1,1,,6,,,0,0,,22,5,,6,6,28,0,3,0,0,27,6.75,11,0,103,2,1,,4,,,0,0,,28,10,,4,4,32,0,3,0,0,37,9.25,14,0,120,3,1,,6,,,0,0,,32,10,,6,6,38,0,3,0,0,42,10.5,16,0,139,4,1,,5,,,0,0,,38,15,,5,5,43,0,3,0,0,51,12.75,20,0,161,5,1,,9,,,0,0,,43,15,,9,9,52,0,3,0,0,62,15.5,24,0,190,6,1,,3,,,0,0,,52,25,,3,3,55,0,3,0,0,73,18.25,28,0,224,7,1,,7,,,0,0,,55,25,,7,7,62,0,3,0,0,85,21.25,32,0,263,8,1,,12,,,0,0,,62,25,,12,12,74,0,3,0,0,98,24.5,37,0,306,9,1,,6,3,0,0,0,,74,30,,6,6,80,0,3,0,0,95,23.75,36,0,356,10,28,,0,0,0,,,,,,,,,,,,,,,,,1,1,28,,0,6,1,5,0,6,3,6,5,0,4,5,4,0,2,51,male,7,4,Wasserknappheit,Wasser sparen,1,1
29,ge4wu0yq,zJlYUdjDLq,0,77,77,Outro,Outro_Final,2021-07-01 15:00:22.470684+00:00,1,,,150,jyf8xd0s,,,,,0,0.05,5.00,0.0,0,10,29,,0,1112,731,Safari 14,0,0,0,0,1,2,20,20,30,30,45,1,1,1,3,,25,,,0,0,,20,10,,5,5,25,0,4,0,0,40,10.0,15,0,80,1,3,,4,,,0,0,,25,15,,4,4,29,0,4,0,0,50,12.5,19,0,100,2,3,,17,,,0,0,,29,10,,17,17,46,0,4,0,0,72,18.0,27,0,126,3,3,,12,,,0,0,,46,14,,12,12,58,0,4,0,0,67,16.75,26,0,162,4,3,,17,,,0,0,,58,18,,17,17,75,0,4,0,0,93,23.25,35,0,199,5,3,,19,,,0,0,,75,20,,19,19,94,0,4,0,0,104,26.0,39,0,246,6,3,,19,,,0,0,,94,20,,19,19,113,0,4,0,0,102,25.5,39,0,298,7,3,,12,,,0,0,,113,30,,12,12,125,0,4,0,0,112,28.0,42,0,352,8,3,,33,,,0,0,,125,20,,33,33,158,0,4,0,0,140,35.0,53,0,408,9,3,,-8,2,36,0,0,,158,20,,28,28,186,0,4,0,0,126,31.5,48,0,480,10,29,,0,0,0,,,,,,,,,,,,,,,,,1,1,29,,0,3,4,4,0,4,0,6,6,0,6,6,5,1,4,59,female,5,3,Wassermangel durch Erwärmung,Sparsam mit den Resourcen umgehen,1,1
30,10bdchsy,Tg4w5UY3mz,0,77,77,Outro,Outro_Final,2021-07-01 15:00:22.838238+00:00,1,,,20,jyf8xd0s,,,,,0,0.05,5.00,0.0,0,10,30,,0,375,553,Safari 14,2,2,4,1,4,7,20,20,30,30,45,1,1,1,1,,0,,,0,0,0,20,,,,0,0,0,10,0,0,,,,0,,1,1,,0,,,0,0,,,,,,0,0,0,10,0,0,,,,0,,2,1,,0,,,0,0,,,,,,0,0,0,10,0,0,,,,0,,3,1,,0,,,0,0,,,,,,0,0,0,10,0,0,,,,0,,4,1,,0,,,0,0,,,,,,0,0,0,10,0,0,,,,0,,5,1,,0,,,0,0,,,,,,0,0,0,10,0,0,,,,0,,6,1,,0,,,0,0,,,,,,0,0,0,10,0,0,,,,0,,7,1,,0,,,0,0,,,,,,0,0,0,10,0,0,,,,0,,8,1,,0,,,0,0,,,,,,0,0,0,10,0,0,,,,0,,9,1,,20,,,0,0,,,,,,0,0,0,10,0,0,,,,0,,10,30,,0,0,0,,,,,,,,,,,,,,,,,1,1,30,,0,5,3,6,0,5,2,6,4,1,5,4,6,1,1,58,male,7,4,Gesundheitliche Beeinträchtigungen,Lebensweise CO2-neutral auszurichten,1,1
31,ct9vd8l8,EYJcc0Qwu9,0,77,77,Outro,Outro_Final,2021-07-01 15:00:23.049670+00:00,1,,,20,jyf8xd0s,,,,,0,0.05,5.00,0.0,0,10,31,,0,0,0,0,8,0,15,16,16,17,20,20,30,30,45,1,1,1,1,,0,,,0,0,0,20,,,,0,0,0,11,0,0,,,,0,,1,1,,0,,,0,0,,,,,,0,0,0,11,0,0,,,,0,,2,1,,0,,,0,0,,,,,,0,0,0,11,0,0,,,,0,,3,1,,0,,,0,0,,,,,,0,0,0,11,0,0,,,,0,,4,1,,0,,,0,0,,,,,,0,0,0,11,0,0,,,,0,,5,1,,0,,,0,0,,,,,,0,0,0,11,0,0,,,,0,,6,1,,0,,,0,0,,,,,,0,0,0,11,0,0,,,,0,,7,1,,0,,,0,0,,,,,,0,0,0,11,0,0,,,,0,,8,1,,0,,,0,0,,,,,,0,0,0,11,0,0,,,,0,,9,1,,20,,,0,0,,,,,,0,0,0,11,0,0,,,,0,,10,31,,0,0,0,,,,,,,,,,,,,,,,,1,1,31,,0,5,5,4,1,5,5,5,5,5,5,2,2,2,5,78,female,2,2,"Verstehen,Informationen","Verbesserung,Verstehen",1,1
32,8wjhbssn,afTASNUvtq,0,77,77,Outro,Outro_Final,2021-07-01 15:00:29.089661+00:00,1,,,35,jyf8xd0s,,,,,0,0.05,5.00,0.0,0,10,32,,0,978,531,Firefox 78,0,0,1,1,6,0,20,20,30,30,45,1,1,1,3,,28,,,0,0,10,20,10,,8,8,28,0,5,0,0,48,12.0,18,0,80,1,3,,2,,,0,0,,28,12,,2,2,30,0,5,0,0,36,9.0,14,0,104,2,3,,4,,,0,0,,30,15,,4,4,34,0,5,0,0,50,12.5,19,0,124,3,3,,6,,,0,0,,34,15,,6,6,40,0,5,0,0,54,13.5,21,0,150,4,3,,0,,,0,0,,40,20,,0,0,40,0,5,0,0,52,13.0,20,0,180,5,3,,10,,,0,0,,40,17,,10,10,50,0,5,0,0,71,17.75,27,0,208,6,3,,4,,,0,0,,50,22,,4,4,54,0,5,0,0,67,16.75,26,0,245,7,3,,5,,,0,0,,54,20,,5,5,59,0,5,0,0,66,16.5,25,0,282,8,3,,6,,,0,0,,59,26,,6,6,65,0,5,0,0,85,21.25,32,0,316,9,3,,-30,2,32,0,0,,65,30,,2,2,67,0,5,0,0,85,21.25,32,0,359,10,32,,0,0,0,,,,,,,,,,,,,,,,,1,1,32,,0,3,6,3,5,4,2,4,6,0,2,3,3,4,5,40,female,4,2,Der Streit zwischen Politik und Wirtschaft bzgl. des Kapitalismus.,"Ich versuche im Kleinen ein Zeichen zu setzen, indem ich z.B. nachhaltiger lebe.",1,1
33,n6a2t3e7,hSxzwmM2p4,0,77,77,Outro,Outro_Final,2021-07-01 15:02:10.429216+00:00,1,,,30,jyf8xd0s,,,,,0,0.05,5.00,0.0,0,10,33,,0,1440,862,Safari 14,0,0,1,1,9,4,20,20,30,30,45,1,1,1,1,,20,,,0,0,,20,8,,0,0,20,0,8,0,0,20,5.0,8,0,80,1,1,,4,,,0,0,,20,3,,4,4,24,0,8,0,0,17,4.25,7,0,92,2,1,,1,,,0,0,,24,1,,1,1,25,0,8,0,0,3,0.75,2,0,103,3,1,,2,,,0,0,,25,0,,2,2,27,0,8,0,0,4,1.0,2,0,108,4,1,,0,,,0,0,,27,3,,0,0,27,0,8,0,0,6,1.5,3,0,112,5,1,,1,,,0,0,,27,0,,1,1,28,0,8,0,0,1,0.25,1,0,118,6,1,,-1,,,0,0,,28,4,,-1,-1,27,0,8,0,0,7,1.75,3,0,121,7,1,,2,,,0,0,,27,0,,2,2,29,0,8,0,0,4,1.0,2,0,126,8,1,,2,,,0,0,,29,0,,2,2,31,0,8,0,0,3,0.75,2,0,130,9,1,,-1,1,2,0,0,,31,0,,1,1,32,0,8,0,0,2,0.5,1,0,135,10,33,,0,0,0,,,,,,,,,,,,,,,,,1,1,33,,0,3,2,4,1,5,3,5,4,1,1,1,4,3,4,67,male,4,4,Vereinheitlichung der Klimaregulierungen weltweit,"Versuche meinen Beitrag zu leisten, z.B. Reduzierung bei Autofahren etc,",1,1
34,v0qqq5z3,3F7PJGL3ZA,0,2,77,Intro,Intro_Instructions,2021-07-01 15:06:44.831010+00:00,1,,,0,jyf8xd0s,,,,,0,0.05,5.00,0.0,0,10,34,,0,1440,724,Safari 14,1,1,1,1,1,1,,,,,,,1,1,34,,0,,,0,0,,,,,,,,0,1,1,0,,,,0,,1,34,,0,,,0,0,,,,,,,,0,1,0,0,,,,0,,2,34,,0,,,0,0,,,,,,,,0,1,0,0,,,,0,,3,34,,0,,,0,0,,,,,,,,0,1,0,0,,,,0,,4,34,,0,,,0,0,,,,,,,,0,1,0,0,,,,0,,5,34,,0,,,0,0,,,,,,,,0,1,0,0,,,,0,,6,34,,0,,,0,0,,,,,,,,0,1,0,0,,,,0,,7,34,,0,,,0,0,,,,,,,,0,1,0,0,,,,0,,8,34,,0,,,0,0,,,,,,,,0,1,0,0,,,,0,,9,34,,0,,,0,0,,,,,,,,0,1,0,0,,,,0,,10,34,,0,0,0,,,,,,,,,,,,,,,,,1,1,34,,0,,,,,,,,,,,,,,,,,,,,,1,1
35,1dmj5i4f,mPYVa89tiw,0,2,77,Intro,Intro_Instructions,2021-07-01 15:12:48.832754+00:00,1,,,0,jyf8xd0s,,,,,0,0.05,5.00,0.0,0,10,35,,0,925,656,Chrome 91,1,2,1,0,2,0,20,,30,30,,1,1,1,35,,0,,,0,0,,,,,,,,0,1,1,0,,,,0,,1,35,,0,,,0,0,,,,,,,,0,1,0,0,,,,0,,2,35,,0,,,0,0,,,,,,,,0,1,0,0,,,,0,,3,35,,0,,,0,0,,,,,,,,0,1,0,0,,,,0,,4,35,,0,,,0,0,,,,,,,,0,1,0,0,,,,0,,5,35,,0,,,0,0,,,,,,,,0,1,0,0,,,,0,,6,35,,0,,,0,0,,,,,,,,0,1,0,0,,,,0,,7,35,,0,,,0,0,,,,,,,,0,1,0,0,,,,0,,8,35,,0,,,0,0,,,,,,,,0,1,0,0,,,,0,,9,35,,0,,,0,0,,,,,,,,0,1,0,0,,,,0,,10,35,,0,0,0,,,,,,,,,,,,,,,,,1,1,35,,0,,,,,,,,,,,,,,,,,,,,,1,1
36,bh2incc9,,0,0,77,,,,0,,,0,jyf8xd0s,,,,,0,0.05,5.00,0.0,0,10,36,,0,,,,0,0,0,0,0,0,,,,,,,1,1,36,,0,,,0,0,,,,,,,,0,1,1,0,,,,0,,1,36,,0,,,0,0,,,,,,,,0,1,0,0,,,,0,,2,36,,0,,,0,0,,,,,,,,0,1,0,0,,,,0,,3,36,,0,,,0,0,,,,,,,,0,1,0,0,,,,0,,4,36,,0,,,0,0,,,,,,,,0,1,0,0,,,,0,,5,36,,0,,,0,0,,,,,,,,0,1,0,0,,,,0,,6,36,,0,,,0,0,,,,,,,,0,1,0,0,,,,0,,7,36,,0,,,0,0,,,,,,,,0,1,0,0,,,,0,,8,36,,0,,,0,0,,,,,,,,0,1,0,0,,,,0,,9,36,,0,,,0,0,,,,,,,,0,1,0,0,,,,0,,10,36,,0,0,0,,,,,,,,,,,,,,,,,1,1,36,,0,,,,,,,,,,,,,,,,,,,,,1,1
37,bvyt6fmd,,0,0,77,,,,0,,,0,jyf8xd0s,,,,,0,0.05,5.00,0.0,0,10,37,,0,,,,0,0,0,0,0,0,,,,,,,1,1,37,,0,,,0,0,,,,,,,,0,1,1,0,,,,0,,1,37,,0,,,0,0,,,,,,,,0,1,0,0,,,,0,,2,37,,0,,,0,0,,,,,,,,0,1,0,0,,,,0,,3,37,,0,,,0,0,,,,,,,,0,1,0,0,,,,0,,4,37,,0,,,0,0,,,,,,,,0,1,0,0,,,,0,,5,37,,0,,,0,0,,,,,,,,0,1,0,0,,,,0,,6,37,,0,,,0,0,,,,,,,,0,1,0,0,,,,0,,7,37,,0,,,0,0,,,,,,,,0,1,0,0,,,,0,,8,37,,0,,,0,0,,,,,,,,0,1,0,0,,,,0,,9,37,,0,,,0,0,,,,,,,,0,1,0,0,,,,0,,10,37,,0,0,0,,,,,,,,,,,,,,,,,1,1,37,,0,,,,,,,,,,,,,,,,,,,,,1,1
38,u9gmye8n,,0,0,77,,,,0,,,0,jyf8xd0s,,,,,0,0.05,5.00,0.0,0,10,38,,0,,,,0,0,0,0,0,0,,,,,,,1,1,38,,0,,,0,0,,,,,,,,0,1,1,0,,,,0,,1,38,,0,,,0,0,,,,,,,,0,1,0,0,,,,0,,2,38,,0,,,0,0,,,,,,,,0,1,0,0,,,,0,,3,38,,0,,,0,0,,,,,,,,0,1,0,0,,,,0,,4,38,,0,,,0,0,,,,,,,,0,1,0,0,,,,0,,5,38,,0,,,0,0,,,,,,,,0,1,0,0,,,,0,,6,38,,0,,,0,0,,,,,,,,0,1,0,0,,,,0,,7,38,,0,,,0,0,,,,,,,,0,1,0,0,,,,0,,8,38,,0,,,0,0,,,,,,,,0,1,0,0,,,,0,,9,38,,0,,,0,0,,,,,,,,0,1,0,0,,,,0,,10,38,,0,0,0,,,,,,,,,,,,,,,,,1,1,38,,0,,,,,,,,,,,,,,,,,,,,,1,1
39,h4a789i8,,0,0,77,,,,0,,,0,jyf8xd0s,,,,,0,0.05,5.00,0.0,0,10,39,,0,,,,0,0,0,0,0,0,,,,,,,1,1,39,,0,,,0,0,,,,,,,,0,1,1,0,,,,0,,1,39,,0,,,0,0,,,,,,,,0,1,0,0,,,,0,,2,39,,0,,,0,0,,,,,,,,0,1,0,0,,,,0,,3,39,,0,,,0,0,,,,,,,,0,1,0,0,,,,0,,4,39,,0,,,0,0,,,,,,,,0,1,0,0,,,,0,,5,39,,0,,,0,0,,,,,,,,0,1,0,0,,,,0,,6,39,,0,,,0,0,,,,,,,,0,1,0,0,,,,0,,7,39,,0,,,0,0,,,,,,,,0,1,0,0,,,,0,,8,39,,0,,,0,0,,,,,,,,0,1,0,0,,,,0,,9,39,,0,,,0,0,,,,,,,,0,1,0,0,,,,0,,10,39,,0,0,0,,,,,,,,,,,,,,,,,1,1,39,,0,,,,,,,,,,,,,,,,,,,,,1,1
40,uuhfrasv,,0,0,77,,,,0,,,0,jyf8xd0s,,,,,0,0.05,5.00,0.0,0,10,40,,0,,,,0,0,0,0,0,0,,,,,,,1,1,40,,0,,,0,0,,,,,,,,0,1,1,0,,,,0,,1,40,,0,,,0,0,,,,,,,,0,1,0,0,,,,0,,2,40,,0,,,0,0,,,,,,,,0,1,0,0,,,,0,,3,40,,0,,,0,0,,,,,,,,0,1,0,0,,,,0,,4,40,,0,,,0,0,,,,,,,,0,1,0,0,,,,0,,5,40,,0,,,0,0,,,,,,,,0,1,0,0,,,,0,,6,40,,0,,,0,0,,,,,,,,0,1,0,0,,,,0,,7,40,,0,,,0,0,,,,,,,,0,1,0,0,,,,0,,8,40,,0,,,0,0,,,,,,,,0,1,0,0,,,,0,,9,40,,0,,,0,0,,,,,,,,0,1,0,0,,,,0,,10,40,,0,0,0,,,,,,,,,,,,,,,,,1,1,40,,0,,,,,,,,,,,,,,,,,,,,,1,1
41,gzk4don6,,0,0,77,,,,0,,,0,jyf8xd0s,,,,,0,0.05,5.00,0.0,0,10,41,,0,,,,0,0,0,0,0,0,,,,,,,1,1,41,,0,,,0,0,,,,,,,,0,1,1,0,,,,0,,1,41,,0,,,0,0,,,,,,,,0,1,0,0,,,,0,,2,41,,0,,,0,0,,,,,,,,0,1,0,0,,,,0,,3,41,,0,,,0,0,,,,,,,,0,1,0,0,,,,0,,4,41,,0,,,0,0,,,,,,,,0,1,0,0,,,,0,,5,41,,0,,,0,0,,,,,,,,0,1,0,0,,,,0,,6,41,,0,,,0,0,,,,,,,,0,1,0,0,,,,0,,7,41,,0,,,0,0,,,,,,,,0,1,0,0,,,,0,,8,41,,0,,,0,0,,,,,,,,0,1,0,0,,,,0,,9,41,,0,,,0,0,,,,,,,,0,1,0,0,,,,0,,10,41,,0,0,0,,,,,,,,,,,,,,,,,1,1,41,,0,,,,,,,,,,,,,,,,,,,,,1,1
42,i5f205i5,,0,0,77,,,,0,,,0,jyf8xd0s,,,,,0,0.05,5.00,0.0,0,10,42,,0,,,,0,0,0,0,0,0,,,,,,,1,1,42,,0,,,0,0,,,,,,,,0,1,1,0,,,,0,,1,42,,0,,,0,0,,,,,,,,0,1,0,0,,,,0,,2,42,,0,,,0,0,,,,,,,,0,1,0,0,,,,0,,3,42,,0,,,0,0,,,,,,,,0,1,0,0,,,,0,,4,42,,0,,,0,0,,,,,,,,0,1,0,0,,,,0,,5,42,,0,,,0,0,,,,,,,,0,1,0,0,,,,0,,6,42,,0,,,0,0,,,,,,,,0,1,0,0,,,,0,,7,42,,0,,,0,0,,,,,,,,0,1,0,0,,,,0,,8,42,,0,,,0,0,,,,,,,,0,1,0,0,,,,0,,9,42,,0,,,0,0,,,,,,,,0,1,0,0,,,,0,,10,42,,0,0,0,,,,,,,,,,,,,,,,,1,1,42,,0,,,,,,,,,,,,,,,,,,,,,1,1
43,ruvveun9,,0,0,77,,,,0,,,0,jyf8xd0s,,,,,0,0.05,5.00,0.0,0,10,43,,0,,,,0,0,0,0,0,0,,,,,,,1,1,43,,0,,,0,0,,,,,,,,0,1,1,0,,,,0,,1,43,,0,,,0,0,,,,,,,,0,1,0,0,,,,0,,2,43,,0,,,0,0,,,,,,,,0,1,0,0,,,,0,,3,43,,0,,,0,0,,,,,,,,0,1,0,0,,,,0,,4,43,,0,,,0,0,,,,,,,,0,1,0,0,,,,0,,5,43,,0,,,0,0,,,,,,,,0,1,0,0,,,,0,,6,43,,0,,,0,0,,,,,,,,0,1,0,0,,,,0,,7,43,,0,,,0,0,,,,,,,,0,1,0,0,,,,0,,8,43,,0,,,0,0,,,,,,,,0,1,0,0,,,,0,,9,43,,0,,,0,0,,,,,,,,0,1,0,0,,,,0,,10,43,,0,0,0,,,,,,,,,,,,,,,,,1,1,43,,0,,,,,,,,,,,,,,,,,,,,,1,1
44,vs8ahmiz,,0,0,77,,,,0,,,0,jyf8xd0s,,,,,0,0.05,5.00,0.0,0,10,44,,0,,,,0,0,0,0,0,0,,,,,,,1,1,44,,0,,,0,0,,,,,,,,0,1,1,0,,,,0,,1,44,,0,,,0,0,,,,,,,,0,1,0,0,,,,0,,2,44,,0,,,0,0,,,,,,,,0,1,0,0,,,,0,,3,44,,0,,,0,0,,,,,,,,0,1,0,0,,,,0,,4,44,,0,,,0,0,,,,,,,,0,1,0,0,,,,0,,5,44,,0,,,0,0,,,,,,,,0,1,0,0,,,,0,,6,44,,0,,,0,0,,,,,,,,0,1,0,0,,,,0,,7,44,,0,,,0,0,,,,,,,,0,1,0,0,,,,0,,8,44,,0,,,0,0,,,,,,,,0,1,0,0,,,,0,,9,44,,0,,,0,0,,,,,,,,0,1,0,0,,,,0,,10,44,,0,0,0,,,,,,,,,,,,,,,,,1,1,44,,0,,,,,,,,,,,,,,,,,,,,,1,1
