session_code,participant_id_in_session,participant_code,page_index,app_name,page_name,epoch_time,round_number,timeout_happened,is_wait_page
fx1uwv1t,1,ub5pmbas,1,Intro,Intro_Welcome,1625149563,1,0,0
fx1uwv1t,1,ub5pmbas,2,Intro,Intro_Instructions,1625149579,1,0,0
fx1uwv1t,2,yr950nsm,1,Intro,Intro_Welcome,1625149759,1,0,0
fx1uwv1t,2,yr950nsm,2,Intro,Intro_Instructions,1625149934,1,0,0
fx1uwv1t,3,dolzns5s,1,Intro,Intro_Welcome,1625149958,1,0,0
fx1uwv1t,1,ub5pmbas,3,dPGG,dPGG_InitialWaitPage,1625150185,1,0,1
fx1uwv1t,1,ub5pmbas,6,dPGG,ResultsWaitPage,1625150186,1,0,1
fx1uwv1t,1,ub5pmbas,13,dPGG,ResultsWaitPage,1625150186,2,0,1
fx1uwv1t,1,ub5pmbas,20,dPGG,ResultsWaitPage,1625150186,3,0,1
fx1uwv1t,1,ub5pmbas,27,dPGG,ResultsWaitPage,1625150186,4,0,1
fx1uwv1t,1,ub5pmbas,34,dPGG,ResultsWaitPage,1625150186,5,0,1
fx1uwv1t,1,ub5pmbas,41,dPGG,ResultsWaitPage,1625150186,6,0,1
fx1uwv1t,1,ub5pmbas,48,dPGG,ResultsWaitPage,1625150187,7,0,1
fx1uwv1t,1,ub5pmbas,55,dPGG,ResultsWaitPage,1625150187,8,0,1
fx1uwv1t,1,ub5pmbas,62,dPGG,ResultsWaitPage,1625150187,9,0,1
fx1uwv1t,1,ub5pmbas,69,dPGG,ResultsWaitPage,1625150187,10,0,1
fx1uwv1t,1,ub5pmbas,74,Outro,Outro_Personality,1625150210,1,0,0
fx1uwv1t,1,ub5pmbas,75,Outro,Outro_Covariates,1625150217,1,0,0
fx1uwv1t,1,ub5pmbas,76,Outro,Outro_CLICCS,1625150219,1,0,0
fx1uwv1t,3,dolzns5s,2,Intro,Intro_Instructions,1625150247,1,0,0
fx1uwv1t,6,i0ft3vnn,1,Intro,Intro_Welcome,1625150256,1,0,0
fx1uwv1t,6,i0ft3vnn,2,Intro,Intro_Instructions,1625150267,1,0,0
fx1uwv1t,7,i773ff05,1,Intro,Intro_Welcome,1625150271,1,0,0
fx1uwv1t,7,i773ff05,2,Intro,Intro_Instructions,1625150283,1,0,0
fx1uwv1t,3,dolzns5s,3,dPGG,dPGG_InitialWaitPage,1625150283,1,0,1
fx1uwv1t,2,yr950nsm,3,dPGG,dPGG_InitialWaitPage,1625150283,1,0,1
fx1uwv1t,6,i0ft3vnn,3,dPGG,dPGG_InitialWaitPage,1625150283,1,0,1
fx1uwv1t,7,i773ff05,3,dPGG,dPGG_InitialWaitPage,1625150283,1,0,1
fx1uwv1t,7,i773ff05,5,dPGG,dPGG_Decision,1625150293,1,0,0
fx1uwv1t,3,dolzns5s,5,dPGG,dPGG_Decision,1625150298,1,0,0
fx1uwv1t,2,yr950nsm,5,dPGG,dPGG_Decision,1625150305,1,0,0
fx1uwv1t,6,i0ft3vnn,5,dPGG,dPGG_Decision,1625150328,1,0,0
fx1uwv1t,3,dolzns5s,6,dPGG,ResultsWaitPage,1625150329,1,0,1
fx1uwv1t,2,yr950nsm,6,dPGG,ResultsWaitPage,1625150329,1,0,1
fx1uwv1t,7,i773ff05,6,dPGG,ResultsWaitPage,1625150329,1,0,1
fx1uwv1t,6,i0ft3vnn,6,dPGG,ResultsWaitPage,1625150329,1,0,1
fx1uwv1t,6,i0ft3vnn,12,dPGG,dPGG_Decision,1625150352,2,0,0
fx1uwv1t,7,i773ff05,12,dPGG,dPGG_Decision,1625150365,2,0,0
fx1uwv1t,3,dolzns5s,12,dPGG,dPGG_Decision,1625150371,2,0,0
fx1uwv1t,2,yr950nsm,12,dPGG,dPGG_Decision,1625150376,2,0,0
fx1uwv1t,3,dolzns5s,13,dPGG,ResultsWaitPage,1625150376,2,0,1
fx1uwv1t,6,i0ft3vnn,13,dPGG,ResultsWaitPage,1625150376,2,0,1
fx1uwv1t,7,i773ff05,13,dPGG,ResultsWaitPage,1625150376,2,0,1
fx1uwv1t,2,yr950nsm,13,dPGG,ResultsWaitPage,1625150376,2,0,1
fx1uwv1t,8,ozbx51yu,1,Intro,Intro_Welcome,1625150526,1,0,0
jyf8xd0s,20,nswbucyb,1,Intro,Intro_Welcome,1625151640,1,0,0
jyf8xd0s,1,7qxdsoam,1,Intro,Intro_Welcome,1625151640,1,0,0
jyf8xd0s,23,fnp542ah,1,Intro,Intro_Welcome,1625151640,1,0,0
jyf8xd0s,28,qc9i5tcf,1,Intro,Intro_Welcome,1625151641,1,0,0
jyf8xd0s,13,wxz5apgl,1,Intro,Intro_Welcome,1625151642,1,0,0
jyf8xd0s,26,tq9xpl62,1,Intro,Intro_Welcome,1625151643,1,0,0
jyf8xd0s,6,noh2twn0,1,Intro,Intro_Welcome,1625151643,1,0,0
jyf8xd0s,4,hwazt60e,1,Intro,Intro_Welcome,1625151644,1,0,0
jyf8xd0s,3,4q799so5,1,Intro,Intro_Welcome,1625151645,1,0,0
jyf8xd0s,16,mzrhqeq9,1,Intro,Intro_Welcome,1625151646,1,0,0
jyf8xd0s,5,mws1e1et,1,Intro,Intro_Welcome,1625151646,1,0,0
jyf8xd0s,8,lu3l8xac,1,Intro,Intro_Welcome,1625151646,1,0,0
jyf8xd0s,29,ge4wu0yq,1,Intro,Intro_Welcome,1625151648,1,0,0
jyf8xd0s,32,8wjhbssn,1,Intro,Intro_Welcome,1625151648,1,0,0
jyf8xd0s,7,o4hnha0r,1,Intro,Intro_Welcome,1625151648,1,0,0
jyf8xd0s,25,fkjiwkub,1,Intro,Intro_Welcome,1625151649,1,0,0
jyf8xd0s,21,mp7thwfr,1,Intro,Intro_Welcome,1625151650,1,0,0
jyf8xd0s,30,10bdchsy,1,Intro,Intro_Welcome,1625151650,1,0,0
jyf8xd0s,24,lr17ksyy,1,Intro,Intro_Welcome,1625151650,1,0,0
jyf8xd0s,22,h56b8po1,1,Intro,Intro_Welcome,1625151651,1,0,0
jyf8xd0s,2,1nlrkolq,1,Intro,Intro_Welcome,1625151654,1,0,0
jyf8xd0s,10,0tmkyzhn,1,Intro,Intro_Welcome,1625151654,1,0,0
jyf8xd0s,12,6iej8m36,1,Intro,Intro_Welcome,1625151655,1,0,0
jyf8xd0s,14,qygq0e1o,1,Intro,Intro_Welcome,1625151656,1,0,0
jyf8xd0s,27,7v7fea76,1,Intro,Intro_Welcome,1625151658,1,0,0
jyf8xd0s,15,542u0l1u,1,Intro,Intro_Welcome,1625151658,1,0,0
jyf8xd0s,18,m9mb1jyf,1,Intro,Intro_Welcome,1625151662,1,0,0
jyf8xd0s,17,snp7022l,1,Intro,Intro_Welcome,1625151663,1,0,0
jyf8xd0s,19,exquhzcv,1,Intro,Intro_Welcome,1625151666,1,0,0
jyf8xd0s,11,70l2i4j9,1,Intro,Intro_Welcome,1625151669,1,0,0
jyf8xd0s,31,ct9vd8l8,1,Intro,Intro_Welcome,1625151682,1,0,0
jyf8xd0s,9,aoggj216,1,Intro,Intro_Welcome,1625151687,1,0,0
jyf8xd0s,33,n6a2t3e7,1,Intro,Intro_Welcome,1625151766,1,0,0
jyf8xd0s,7,o4hnha0r,2,Intro,Intro_Instructions,1625151977,1,0,0
jyf8xd0s,34,v0qqq5z3,1,Intro,Intro_Welcome,1625152011,1,0,0
jyf8xd0s,16,mzrhqeq9,2,Intro,Intro_Instructions,1625152023,1,0,0
jyf8xd0s,2,1nlrkolq,2,Intro,Intro_Instructions,1625152097,1,0,0
jyf8xd0s,25,fkjiwkub,2,Intro,Intro_Instructions,1625152108,1,0,0
jyf8xd0s,7,o4hnha0r,3,dPGG,dPGG_InitialWaitPage,1625152109,1,0,1
jyf8xd0s,2,1nlrkolq,3,dPGG,dPGG_InitialWaitPage,1625152109,1,0,1
jyf8xd0s,16,mzrhqeq9,3,dPGG,dPGG_InitialWaitPage,1625152109,1,0,1
jyf8xd0s,25,fkjiwkub,3,dPGG,dPGG_InitialWaitPage,1625152109,1,0,1
jyf8xd0s,18,m9mb1jyf,2,Intro,Intro_Instructions,1625152120,1,0,0
jyf8xd0s,2,1nlrkolq,5,dPGG,dPGG_Decision,1625152120,1,0,0
jyf8xd0s,7,o4hnha0r,5,dPGG,dPGG_Decision,1625152122,1,0,0
jyf8xd0s,16,mzrhqeq9,5,dPGG,dPGG_Decision,1625152126,1,0,0
jyf8xd0s,28,qc9i5tcf,2,Intro,Intro_Instructions,1625152128,1,0,0
jyf8xd0s,25,fkjiwkub,5,dPGG,dPGG_Decision,1625152139,1,0,0
jyf8xd0s,7,o4hnha0r,6,dPGG,ResultsWaitPage,1625152139,1,0,1
jyf8xd0s,2,1nlrkolq,6,dPGG,ResultsWaitPage,1625152139,1,0,1
jyf8xd0s,16,mzrhqeq9,6,dPGG,ResultsWaitPage,1625152139,1,0,1
jyf8xd0s,25,fkjiwkub,6,dPGG,ResultsWaitPage,1625152139,1,0,1
jyf8xd0s,2,1nlrkolq,12,dPGG,dPGG_Decision,1625152151,2,0,0
jyf8xd0s,7,o4hnha0r,12,dPGG,dPGG_Decision,1625152173,2,0,0
jyf8xd0s,25,fkjiwkub,12,dPGG,dPGG_Decision,1625152178,2,0,0
jyf8xd0s,16,mzrhqeq9,12,dPGG,dPGG_Decision,1625152180,2,0,0
jyf8xd0s,7,o4hnha0r,13,dPGG,ResultsWaitPage,1625152181,2,0,1
jyf8xd0s,2,1nlrkolq,13,dPGG,ResultsWaitPage,1625152181,2,0,1
jyf8xd0s,16,mzrhqeq9,13,dPGG,ResultsWaitPage,1625152181,2,0,1
jyf8xd0s,25,fkjiwkub,13,dPGG,ResultsWaitPage,1625152181,2,0,1
jyf8xd0s,16,mzrhqeq9,19,dPGG,dPGG_Decision,1625152204,3,0,0
jyf8xd0s,2,1nlrkolq,19,dPGG,dPGG_Decision,1625152208,3,0,0
jyf8xd0s,25,fkjiwkub,19,dPGG,dPGG_Decision,1625152215,3,0,0
jyf8xd0s,19,exquhzcv,2,Intro,Intro_Instructions,1625152219,1,0,0
jyf8xd0s,7,o4hnha0r,19,dPGG,dPGG_Decision,1625152219,3,0,0
jyf8xd0s,7,o4hnha0r,20,dPGG,ResultsWaitPage,1625152219,3,0,1
jyf8xd0s,2,1nlrkolq,20,dPGG,ResultsWaitPage,1625152219,3,0,1
jyf8xd0s,16,mzrhqeq9,20,dPGG,ResultsWaitPage,1625152219,3,0,1
jyf8xd0s,25,fkjiwkub,20,dPGG,ResultsWaitPage,1625152219,3,0,1
jyf8xd0s,2,1nlrkolq,26,dPGG,dPGG_Decision,1625152233,4,0,0
jyf8xd0s,7,o4hnha0r,26,dPGG,dPGG_Decision,1625152236,4,0,0
jyf8xd0s,25,fkjiwkub,26,dPGG,dPGG_Decision,1625152241,4,0,0
jyf8xd0s,21,mp7thwfr,2,Intro,Intro_Instructions,1625152243,1,0,0
jyf8xd0s,21,mp7thwfr,3,dPGG,dPGG_InitialWaitPage,1625152249,1,0,1
jyf8xd0s,18,m9mb1jyf,3,dPGG,dPGG_InitialWaitPage,1625152249,1,0,1
jyf8xd0s,19,exquhzcv,3,dPGG,dPGG_InitialWaitPage,1625152249,1,0,1
jyf8xd0s,28,qc9i5tcf,3,dPGG,dPGG_InitialWaitPage,1625152249,1,0,1
jyf8xd0s,16,mzrhqeq9,26,dPGG,dPGG_Decision,1625152250,4,0,0
jyf8xd0s,7,o4hnha0r,27,dPGG,ResultsWaitPage,1625152250,4,0,1
jyf8xd0s,2,1nlrkolq,27,dPGG,ResultsWaitPage,1625152250,4,0,1
jyf8xd0s,16,mzrhqeq9,27,dPGG,ResultsWaitPage,1625152250,4,0,1
jyf8xd0s,25,fkjiwkub,27,dPGG,ResultsWaitPage,1625152250,4,0,1
jyf8xd0s,21,mp7thwfr,5,dPGG,dPGG_Decision,1625152259,1,0,0
jyf8xd0s,2,1nlrkolq,33,dPGG,dPGG_Decision,1625152265,5,0,0
jyf8xd0s,28,qc9i5tcf,5,dPGG,dPGG_Decision,1625152266,1,0,0
jyf8xd0s,18,m9mb1jyf,5,dPGG,dPGG_Decision,1625152268,1,0,0
jyf8xd0s,7,o4hnha0r,33,dPGG,dPGG_Decision,1625152272,5,0,0
jyf8xd0s,16,mzrhqeq9,33,dPGG,dPGG_Decision,1625152275,5,0,0
jyf8xd0s,25,fkjiwkub,33,dPGG,dPGG_Decision,1625152277,5,0,0
jyf8xd0s,2,1nlrkolq,34,dPGG,ResultsWaitPage,1625152277,5,0,1
jyf8xd0s,16,mzrhqeq9,34,dPGG,ResultsWaitPage,1625152277,5,0,1
jyf8xd0s,7,o4hnha0r,34,dPGG,ResultsWaitPage,1625152277,5,0,1
jyf8xd0s,25,fkjiwkub,34,dPGG,ResultsWaitPage,1625152277,5,0,1
jyf8xd0s,19,exquhzcv,5,dPGG,dPGG_Decision,1625152283,1,0,0
jyf8xd0s,28,qc9i5tcf,6,dPGG,ResultsWaitPage,1625152283,1,0,1
jyf8xd0s,21,mp7thwfr,6,dPGG,ResultsWaitPage,1625152283,1,0,1
jyf8xd0s,19,exquhzcv,6,dPGG,ResultsWaitPage,1625152283,1,0,1
jyf8xd0s,18,m9mb1jyf,6,dPGG,ResultsWaitPage,1625152283,1,0,1
jyf8xd0s,2,1nlrkolq,40,dPGG,dPGG_Decision,1625152287,6,0,0
jyf8xd0s,25,fkjiwkub,40,dPGG,dPGG_Decision,1625152296,6,0,0
jyf8xd0s,7,o4hnha0r,40,dPGG,dPGG_Decision,1625152300,6,0,0
jyf8xd0s,28,qc9i5tcf,12,dPGG,dPGG_Decision,1625152305,2,0,0
jyf8xd0s,16,mzrhqeq9,40,dPGG,dPGG_Decision,1625152310,6,0,0
jyf8xd0s,2,1nlrkolq,41,dPGG,ResultsWaitPage,1625152310,6,0,1
jyf8xd0s,25,fkjiwkub,41,dPGG,ResultsWaitPage,1625152310,6,0,1
jyf8xd0s,16,mzrhqeq9,41,dPGG,ResultsWaitPage,1625152310,6,0,1
jyf8xd0s,7,o4hnha0r,41,dPGG,ResultsWaitPage,1625152310,6,0,1
jyf8xd0s,18,m9mb1jyf,12,dPGG,dPGG_Decision,1625152316,2,0,0
jyf8xd0s,21,mp7thwfr,12,dPGG,dPGG_Decision,1625152320,2,0,0
jyf8xd0s,16,mzrhqeq9,47,dPGG,dPGG_Decision,1625152323,7,0,0
jyf8xd0s,7,o4hnha0r,47,dPGG,dPGG_Decision,1625152329,7,0,0
jyf8xd0s,19,exquhzcv,12,dPGG,dPGG_Decision,1625152344,2,0,0
jyf8xd0s,25,fkjiwkub,47,dPGG,dPGG_Decision,1625152344,7,0,0
jyf8xd0s,18,m9mb1jyf,13,dPGG,ResultsWaitPage,1625152345,2,0,1
jyf8xd0s,19,exquhzcv,13,dPGG,ResultsWaitPage,1625152345,2,0,1
jyf8xd0s,28,qc9i5tcf,13,dPGG,ResultsWaitPage,1625152345,2,0,1
jyf8xd0s,21,mp7thwfr,13,dPGG,ResultsWaitPage,1625152345,2,0,1
jyf8xd0s,18,m9mb1jyf,19,dPGG,dPGG_Decision,1625152370,3,0,0
jyf8xd0s,28,qc9i5tcf,19,dPGG,dPGG_Decision,1625152371,3,0,0
jyf8xd0s,21,mp7thwfr,19,dPGG,dPGG_Decision,1625152377,3,0,0
jyf8xd0s,19,exquhzcv,19,dPGG,dPGG_Decision,1625152387,3,0,0
jyf8xd0s,18,m9mb1jyf,20,dPGG,ResultsWaitPage,1625152387,3,0,1
jyf8xd0s,19,exquhzcv,20,dPGG,ResultsWaitPage,1625152387,3,0,1
jyf8xd0s,21,mp7thwfr,20,dPGG,ResultsWaitPage,1625152387,3,0,1
jyf8xd0s,28,qc9i5tcf,20,dPGG,ResultsWaitPage,1625152387,3,0,1
jyf8xd0s,2,1nlrkolq,47,dPGG,dPGG_Decision,1625152396,7,0,0
jyf8xd0s,2,1nlrkolq,48,dPGG,ResultsWaitPage,1625152396,7,0,1
jyf8xd0s,7,o4hnha0r,48,dPGG,ResultsWaitPage,1625152396,7,0,1
jyf8xd0s,16,mzrhqeq9,48,dPGG,ResultsWaitPage,1625152396,7,0,1
jyf8xd0s,25,fkjiwkub,48,dPGG,ResultsWaitPage,1625152396,7,0,1
jyf8xd0s,28,qc9i5tcf,26,dPGG,dPGG_Decision,1625152399,4,0,0
jyf8xd0s,18,m9mb1jyf,26,dPGG,dPGG_Decision,1625152401,4,0,0
jyf8xd0s,21,mp7thwfr,26,dPGG,dPGG_Decision,1625152403,4,0,0
jyf8xd0s,19,exquhzcv,26,dPGG,dPGG_Decision,1625152414,4,0,0
jyf8xd0s,18,m9mb1jyf,27,dPGG,ResultsWaitPage,1625152414,4,0,1
jyf8xd0s,28,qc9i5tcf,27,dPGG,ResultsWaitPage,1625152414,4,0,1
jyf8xd0s,19,exquhzcv,27,dPGG,ResultsWaitPage,1625152414,4,0,1
jyf8xd0s,21,mp7thwfr,27,dPGG,ResultsWaitPage,1625152414,4,0,1
jyf8xd0s,13,wxz5apgl,2,Intro,Intro_Instructions,1625152424,1,0,0
jyf8xd0s,18,m9mb1jyf,33,dPGG,dPGG_Decision,1625152425,5,0,0
jyf8xd0s,28,qc9i5tcf,33,dPGG,dPGG_Decision,1625152426,5,0,0
jyf8xd0s,25,fkjiwkub,54,dPGG,dPGG_Decision,1625152428,8,0,0
jyf8xd0s,7,o4hnha0r,54,dPGG,dPGG_Decision,1625152430,8,0,0
jyf8xd0s,19,exquhzcv,33,dPGG,dPGG_Decision,1625152432,5,0,0
jyf8xd0s,16,mzrhqeq9,54,dPGG,dPGG_Decision,1625152436,8,0,0
jyf8xd0s,21,mp7thwfr,33,dPGG,dPGG_Decision,1625152437,5,0,0
jyf8xd0s,18,m9mb1jyf,34,dPGG,ResultsWaitPage,1625152437,5,0,1
jyf8xd0s,28,qc9i5tcf,34,dPGG,ResultsWaitPage,1625152437,5,0,1
jyf8xd0s,19,exquhzcv,34,dPGG,ResultsWaitPage,1625152437,5,0,1
jyf8xd0s,21,mp7thwfr,34,dPGG,ResultsWaitPage,1625152437,5,0,1
jyf8xd0s,18,m9mb1jyf,40,dPGG,dPGG_Decision,1625152449,6,0,0
jyf8xd0s,28,qc9i5tcf,40,dPGG,dPGG_Decision,1625152452,6,0,0
jyf8xd0s,21,mp7thwfr,40,dPGG,dPGG_Decision,1625152455,6,0,0
jyf8xd0s,19,exquhzcv,40,dPGG,dPGG_Decision,1625152456,6,0,0
jyf8xd0s,28,qc9i5tcf,41,dPGG,ResultsWaitPage,1625152456,6,0,1
jyf8xd0s,19,exquhzcv,41,dPGG,ResultsWaitPage,1625152456,6,0,1
jyf8xd0s,21,mp7thwfr,41,dPGG,ResultsWaitPage,1625152456,6,0,1
jyf8xd0s,18,m9mb1jyf,41,dPGG,ResultsWaitPage,1625152456,6,0,1
jyf8xd0s,3,4q799so5,2,Intro,Intro_Instructions,1625152459,1,0,0
jyf8xd0s,18,m9mb1jyf,47,dPGG,dPGG_Decision,1625152467,7,0,0
jyf8xd0s,28,qc9i5tcf,47,dPGG,dPGG_Decision,1625152468,7,0,0
jyf8xd0s,26,tq9xpl62,2,Intro,Intro_Instructions,1625152469,1,0,0
jyf8xd0s,29,ge4wu0yq,2,Intro,Intro_Instructions,1625152469,1,0,0
jyf8xd0s,13,wxz5apgl,3,dPGG,dPGG_InitialWaitPage,1625152470,1,0,1
jyf8xd0s,3,4q799so5,3,dPGG,dPGG_InitialWaitPage,1625152470,1,0,1
jyf8xd0s,29,ge4wu0yq,3,dPGG,dPGG_InitialWaitPage,1625152470,1,0,1
jyf8xd0s,26,tq9xpl62,3,dPGG,dPGG_InitialWaitPage,1625152470,1,0,1
jyf8xd0s,8,lu3l8xac,2,Intro,Intro_Instructions,1625152471,1,0,0
jyf8xd0s,2,1nlrkolq,54,dPGG,dPGG_Decision,1625152476,8,0,0
jyf8xd0s,7,o4hnha0r,55,dPGG,ResultsWaitPage,1625152476,8,0,1
jyf8xd0s,2,1nlrkolq,55,dPGG,ResultsWaitPage,1625152476,8,0,1
jyf8xd0s,16,mzrhqeq9,55,dPGG,ResultsWaitPage,1625152476,8,0,1
jyf8xd0s,25,fkjiwkub,55,dPGG,ResultsWaitPage,1625152476,8,0,1
jyf8xd0s,21,mp7thwfr,47,dPGG,dPGG_Decision,1625152477,7,0,0
jyf8xd0s,2,1nlrkolq,61,dPGG,dPGG_Decision,1625152482,9,0,0
jyf8xd0s,19,exquhzcv,47,dPGG,dPGG_Decision,1625152484,7,0,0
jyf8xd0s,28,qc9i5tcf,48,dPGG,ResultsWaitPage,1625152484,7,0,1
jyf8xd0s,19,exquhzcv,48,dPGG,ResultsWaitPage,1625152484,7,0,1
jyf8xd0s,21,mp7thwfr,48,dPGG,ResultsWaitPage,1625152484,7,0,1
jyf8xd0s,18,m9mb1jyf,48,dPGG,ResultsWaitPage,1625152484,7,0,1
jyf8xd0s,3,4q799so5,5,dPGG,dPGG_Decision,1625152487,1,0,0
jyf8xd0s,26,tq9xpl62,5,dPGG,dPGG_Decision,1625152489,1,0,0
jyf8xd0s,29,ge4wu0yq,5,dPGG,dPGG_Decision,1625152489,1,0,0
jyf8xd0s,13,wxz5apgl,5,dPGG,dPGG_Decision,1625152491,1,0,0
jyf8xd0s,13,wxz5apgl,6,dPGG,ResultsWaitPage,1625152491,1,0,1
jyf8xd0s,3,4q799so5,6,dPGG,ResultsWaitPage,1625152491,1,0,1
jyf8xd0s,29,ge4wu0yq,6,dPGG,ResultsWaitPage,1625152491,1,0,1
jyf8xd0s,26,tq9xpl62,6,dPGG,ResultsWaitPage,1625152491,1,0,1
jyf8xd0s,16,mzrhqeq9,61,dPGG,dPGG_Decision,1625152495,9,0,0
jyf8xd0s,19,exquhzcv,54,dPGG,dPGG_Decision,1625152499,8,0,0
jyf8xd0s,28,qc9i5tcf,54,dPGG,dPGG_Decision,1625152505,8,0,0
jyf8xd0s,32,8wjhbssn,2,Intro,Intro_Instructions,1625152506,1,0,0
jyf8xd0s,35,1dmj5i4f,1,Intro,Intro_Welcome,1625152507,1,0,0
jyf8xd0s,18,m9mb1jyf,54,dPGG,dPGG_Decision,1625152512,8,0,0
jyf8xd0s,21,mp7thwfr,54,dPGG,dPGG_Decision,1625152512,8,0,0
jyf8xd0s,28,qc9i5tcf,55,dPGG,ResultsWaitPage,1625152513,8,0,1
jyf8xd0s,19,exquhzcv,55,dPGG,ResultsWaitPage,1625152513,8,0,1
jyf8xd0s,21,mp7thwfr,55,dPGG,ResultsWaitPage,1625152513,8,0,1
jyf8xd0s,18,m9mb1jyf,55,dPGG,ResultsWaitPage,1625152513,8,0,1
jyf8xd0s,29,ge4wu0yq,12,dPGG,dPGG_Decision,1625152521,2,0,0
jyf8xd0s,26,tq9xpl62,12,dPGG,dPGG_Decision,1625152525,2,0,0
jyf8xd0s,25,fkjiwkub,61,dPGG,dPGG_Decision,1625152528,9,0,0
jyf8xd0s,21,mp7thwfr,61,dPGG,dPGG_Decision,1625152531,9,0,0
jyf8xd0s,28,qc9i5tcf,61,dPGG,dPGG_Decision,1625152531,9,0,0
jyf8xd0s,13,wxz5apgl,12,dPGG,dPGG_Decision,1625152531,2,0,0
jyf8xd0s,18,m9mb1jyf,61,dPGG,dPGG_Decision,1625152533,9,0,0
jyf8xd0s,3,4q799so5,12,dPGG,dPGG_Decision,1625152537,2,0,0
jyf8xd0s,3,4q799so5,13,dPGG,ResultsWaitPage,1625152537,2,0,1
jyf8xd0s,13,wxz5apgl,13,dPGG,ResultsWaitPage,1625152537,2,0,1
jyf8xd0s,29,ge4wu0yq,13,dPGG,ResultsWaitPage,1625152537,2,0,1
jyf8xd0s,26,tq9xpl62,13,dPGG,ResultsWaitPage,1625152537,2,0,1
jyf8xd0s,6,noh2twn0,2,Intro,Intro_Instructions,1625152539,1,0,0
jyf8xd0s,7,o4hnha0r,61,dPGG,dPGG_Decision,1625152540,9,0,0
jyf8xd0s,7,o4hnha0r,62,dPGG,ResultsWaitPage,1625152540,9,0,1
jyf8xd0s,2,1nlrkolq,62,dPGG,ResultsWaitPage,1625152540,9,0,1
jyf8xd0s,16,mzrhqeq9,62,dPGG,ResultsWaitPage,1625152540,9,0,1
jyf8xd0s,25,fkjiwkub,62,dPGG,ResultsWaitPage,1625152540,9,0,1
jyf8xd0s,12,6iej8m36,2,Intro,Intro_Instructions,1625152542,1,0,0
jyf8xd0s,8,lu3l8xac,3,dPGG,dPGG_InitialWaitPage,1625152542,1,0,1
jyf8xd0s,12,6iej8m36,3,dPGG,dPGG_InitialWaitPage,1625152542,1,0,1
jyf8xd0s,6,noh2twn0,3,dPGG,dPGG_InitialWaitPage,1625152542,1,0,1
jyf8xd0s,32,8wjhbssn,3,dPGG,dPGG_InitialWaitPage,1625152542,1,0,1
jyf8xd0s,19,exquhzcv,61,dPGG,dPGG_Decision,1625152547,9,0,0
jyf8xd0s,28,qc9i5tcf,62,dPGG,ResultsWaitPage,1625152548,9,0,1
jyf8xd0s,19,exquhzcv,62,dPGG,ResultsWaitPage,1625152548,9,0,1
jyf8xd0s,21,mp7thwfr,62,dPGG,ResultsWaitPage,1625152548,9,0,1
jyf8xd0s,18,m9mb1jyf,62,dPGG,ResultsWaitPage,1625152548,9,0,1
jyf8xd0s,2,1nlrkolq,68,dPGG,dPGG_Decision,1625152552,10,0,0
jyf8xd0s,6,noh2twn0,5,dPGG,dPGG_Decision,1625152554,1,0,0
jyf8xd0s,14,qygq0e1o,2,Intro,Intro_Instructions,1625152555,1,0,0
jyf8xd0s,8,lu3l8xac,5,dPGG,dPGG_Decision,1625152557,1,0,0
jyf8xd0s,12,6iej8m36,5,dPGG,dPGG_Decision,1625152557,1,0,0
jyf8xd0s,19,exquhzcv,68,dPGG,dPGG_Decision,1625152561,10,0,0
jyf8xd0s,3,4q799so5,19,dPGG,dPGG_Decision,1625152564,3,0,0
jyf8xd0s,28,qc9i5tcf,68,dPGG,dPGG_Decision,1625152566,10,0,0
jyf8xd0s,26,tq9xpl62,19,dPGG,dPGG_Decision,1625152566,3,0,0
jyf8xd0s,16,mzrhqeq9,68,dPGG,dPGG_Decision,1625152566,10,0,0
jyf8xd0s,18,m9mb1jyf,68,dPGG,dPGG_Decision,1625152566,10,0,0
jyf8xd0s,32,8wjhbssn,5,dPGG,dPGG_Decision,1625152567,1,0,0
jyf8xd0s,8,lu3l8xac,6,dPGG,ResultsWaitPage,1625152568,1,0,1
jyf8xd0s,12,6iej8m36,6,dPGG,ResultsWaitPage,1625152568,1,0,1
jyf8xd0s,6,noh2twn0,6,dPGG,ResultsWaitPage,1625152568,1,0,1
jyf8xd0s,32,8wjhbssn,6,dPGG,ResultsWaitPage,1625152568,1,0,1
jyf8xd0s,25,fkjiwkub,68,dPGG,dPGG_Decision,1625152572,10,0,0
jyf8xd0s,7,o4hnha0r,68,dPGG,dPGG_Decision,1625152576,10,0,0
jyf8xd0s,7,o4hnha0r,69,dPGG,ResultsWaitPage,1625152577,10,0,1
jyf8xd0s,2,1nlrkolq,69,dPGG,ResultsWaitPage,1625152577,10,0,1
jyf8xd0s,16,mzrhqeq9,69,dPGG,ResultsWaitPage,1625152577,10,0,1
jyf8xd0s,25,fkjiwkub,69,dPGG,ResultsWaitPage,1625152577,10,0,1
jyf8xd0s,13,wxz5apgl,19,dPGG,dPGG_Decision,1625152579,3,0,0
jyf8xd0s,21,mp7thwfr,68,dPGG,dPGG_Decision,1625152580,10,0,0
jyf8xd0s,28,qc9i5tcf,69,dPGG,ResultsWaitPage,1625152580,10,0,1
jyf8xd0s,19,exquhzcv,69,dPGG,ResultsWaitPage,1625152580,10,0,1
jyf8xd0s,21,mp7thwfr,69,dPGG,ResultsWaitPage,1625152580,10,0,1
jyf8xd0s,18,m9mb1jyf,69,dPGG,ResultsWaitPage,1625152580,10,0,1
jyf8xd0s,32,8wjhbssn,12,dPGG,dPGG_Decision,1625152585,2,0,0
jyf8xd0s,29,ge4wu0yq,19,dPGG,dPGG_Decision,1625152588,3,0,0
jyf8xd0s,13,wxz5apgl,20,dPGG,ResultsWaitPage,1625152588,3,0,1
jyf8xd0s,3,4q799so5,20,dPGG,ResultsWaitPage,1625152588,3,0,1
jyf8xd0s,29,ge4wu0yq,20,dPGG,ResultsWaitPage,1625152588,3,0,1
jyf8xd0s,26,tq9xpl62,20,dPGG,ResultsWaitPage,1625152588,3,0,1
jyf8xd0s,28,qc9i5tcf,70,dPGG,dPGG_Results,1625152590,10,0,0
jyf8xd0s,18,m9mb1jyf,70,dPGG,dPGG_Results,1625152591,10,0,0
jyf8xd0s,6,noh2twn0,12,dPGG,dPGG_Decision,1625152593,2,0,0
jyf8xd0s,16,mzrhqeq9,70,dPGG,dPGG_Results,1625152593,10,0,0
jyf8xd0s,12,6iej8m36,12,dPGG,dPGG_Decision,1625152594,2,0,0
jyf8xd0s,18,m9mb1jyf,71,dPGG,dPGG_Comprehension,1625152596,10,0,0
jyf8xd0s,28,qc9i5tcf,71,dPGG,dPGG_Comprehension,1625152596,10,0,0
jyf8xd0s,21,mp7thwfr,70,dPGG,dPGG_Results,1625152597,10,0,0
jyf8xd0s,26,tq9xpl62,26,dPGG,dPGG_Decision,1625152599,4,0,0
jyf8xd0s,25,fkjiwkub,70,dPGG,dPGG_Results,1625152600,10,0,0
jyf8xd0s,7,o4hnha0r,70,dPGG,dPGG_Results,1625152600,10,0,0
jyf8xd0s,16,mzrhqeq9,71,dPGG,dPGG_Comprehension,1625152601,10,0,0
jyf8xd0s,23,fnp542ah,2,Intro,Intro_Instructions,1625152603,1,0,0
jyf8xd0s,21,mp7thwfr,71,dPGG,dPGG_Comprehension,1625152604,10,0,0
jyf8xd0s,7,o4hnha0r,71,dPGG,dPGG_Comprehension,1625152606,10,0,0
jyf8xd0s,8,lu3l8xac,12,dPGG,dPGG_Decision,1625152610,2,0,0
jyf8xd0s,8,lu3l8xac,13,dPGG,ResultsWaitPage,1625152610,2,0,1
jyf8xd0s,12,6iej8m36,13,dPGG,ResultsWaitPage,1625152610,2,0,1
jyf8xd0s,32,8wjhbssn,13,dPGG,ResultsWaitPage,1625152610,2,0,1
jyf8xd0s,6,noh2twn0,13,dPGG,ResultsWaitPage,1625152610,2,0,1
jyf8xd0s,29,ge4wu0yq,26,dPGG,dPGG_Decision,1625152612,4,0,0
jyf8xd0s,2,1nlrkolq,70,dPGG,dPGG_Results,1625152614,10,0,0
jyf8xd0s,27,7v7fea76,2,Intro,Intro_Instructions,1625152616,1,0,0
jyf8xd0s,19,exquhzcv,70,dPGG,dPGG_Results,1625152617,10,0,0
jyf8xd0s,3,4q799so5,26,dPGG,dPGG_Decision,1625152618,4,0,0
jyf8xd0s,2,1nlrkolq,71,dPGG,dPGG_Comprehension,1625152619,10,0,0
jyf8xd0s,13,wxz5apgl,26,dPGG,dPGG_Decision,1625152620,4,0,0
jyf8xd0s,13,wxz5apgl,27,dPGG,ResultsWaitPage,1625152620,4,0,1
jyf8xd0s,3,4q799so5,27,dPGG,ResultsWaitPage,1625152620,4,0,1
jyf8xd0s,29,ge4wu0yq,27,dPGG,ResultsWaitPage,1625152620,4,0,1
jyf8xd0s,26,tq9xpl62,27,dPGG,ResultsWaitPage,1625152620,4,0,1
jyf8xd0s,32,8wjhbssn,19,dPGG,dPGG_Decision,1625152623,3,0,0
jyf8xd0s,25,fkjiwkub,71,dPGG,dPGG_Comprehension,1625152624,10,0,0
jyf8xd0s,8,lu3l8xac,19,dPGG,dPGG_Decision,1625152626,3,0,0
jyf8xd0s,12,6iej8m36,19,dPGG,dPGG_Decision,1625152627,3,0,0
jyf8xd0s,6,noh2twn0,19,dPGG,dPGG_Decision,1625152628,3,0,0
jyf8xd0s,8,lu3l8xac,20,dPGG,ResultsWaitPage,1625152628,3,0,1
jyf8xd0s,12,6iej8m36,20,dPGG,ResultsWaitPage,1625152628,3,0,1
jyf8xd0s,32,8wjhbssn,20,dPGG,ResultsWaitPage,1625152628,3,0,1
jyf8xd0s,6,noh2twn0,20,dPGG,ResultsWaitPage,1625152628,3,0,1
jyf8xd0s,1,7qxdsoam,2,Intro,Intro_Instructions,1625152629,1,0,0
jyf8xd0s,28,qc9i5tcf,72,dPGG,dPGG_Donation,1625152630,10,0,0
jyf8xd0s,14,qygq0e1o,3,dPGG,dPGG_InitialWaitPage,1625152630,1,0,1
jyf8xd0s,1,7qxdsoam,3,dPGG,dPGG_InitialWaitPage,1625152630,1,0,1
jyf8xd0s,23,fnp542ah,3,dPGG,dPGG_InitialWaitPage,1625152630,1,0,1
jyf8xd0s,27,7v7fea76,3,dPGG,dPGG_InitialWaitPage,1625152630,1,0,1
jyf8xd0s,18,m9mb1jyf,72,dPGG,dPGG_Donation,1625152631,10,0,0
jyf8xd0s,21,mp7thwfr,72,dPGG,dPGG_Donation,1625152633,10,0,0
jyf8xd0s,2,1nlrkolq,72,dPGG,dPGG_Donation,1625152634,10,0,0
jyf8xd0s,26,tq9xpl62,33,dPGG,dPGG_Decision,1625152637,5,0,0
jyf8xd0s,6,noh2twn0,26,dPGG,dPGG_Decision,1625152637,4,0,0
jyf8xd0s,8,lu3l8xac,26,dPGG,dPGG_Decision,1625152638,4,0,0
jyf8xd0s,29,ge4wu0yq,33,dPGG,dPGG_Decision,1625152639,5,0,0
jyf8xd0s,19,exquhzcv,71,dPGG,dPGG_Comprehension,1625152640,10,0,0
jyf8xd0s,12,6iej8m36,26,dPGG,dPGG_Decision,1625152641,4,0,0
jyf8xd0s,32,8wjhbssn,26,dPGG,dPGG_Decision,1625152644,4,0,0
jyf8xd0s,7,o4hnha0r,72,dPGG,dPGG_Donation,1625152644,10,0,0
jyf8xd0s,8,lu3l8xac,27,dPGG,ResultsWaitPage,1625152645,4,0,1
jyf8xd0s,12,6iej8m36,27,dPGG,ResultsWaitPage,1625152645,4,0,1
jyf8xd0s,32,8wjhbssn,27,dPGG,ResultsWaitPage,1625152645,4,0,1
jyf8xd0s,6,noh2twn0,27,dPGG,ResultsWaitPage,1625152645,4,0,1
jyf8xd0s,1,7qxdsoam,5,dPGG,dPGG_Decision,1625152647,1,0,0
jyf8xd0s,9,aoggj216,2,Intro,Intro_Instructions,1625152647,1,0,0
jyf8xd0s,13,wxz5apgl,33,dPGG,dPGG_Decision,1625152648,5,0,0
jyf8xd0s,17,snp7022l,2,Intro,Intro_Instructions,1625152649,1,0,0
jyf8xd0s,14,qygq0e1o,5,dPGG,dPGG_Decision,1625152650,1,0,0
jyf8xd0s,23,fnp542ah,5,dPGG,dPGG_Decision,1625152651,1,0,0
jyf8xd0s,3,4q799so5,33,dPGG,dPGG_Decision,1625152656,5,0,0
jyf8xd0s,13,wxz5apgl,34,dPGG,ResultsWaitPage,1625152656,5,0,1
jyf8xd0s,3,4q799so5,34,dPGG,ResultsWaitPage,1625152656,5,0,1
jyf8xd0s,29,ge4wu0yq,34,dPGG,ResultsWaitPage,1625152656,5,0,1
jyf8xd0s,26,tq9xpl62,34,dPGG,ResultsWaitPage,1625152656,5,0,1
jyf8xd0s,12,6iej8m36,33,dPGG,dPGG_Decision,1625152659,5,0,0
jyf8xd0s,27,7v7fea76,5,dPGG,dPGG_Decision,1625152659,1,0,0
jyf8xd0s,14,qygq0e1o,6,dPGG,ResultsWaitPage,1625152659,1,0,1
jyf8xd0s,1,7qxdsoam,6,dPGG,ResultsWaitPage,1625152659,1,0,1
jyf8xd0s,23,fnp542ah,6,dPGG,ResultsWaitPage,1625152659,1,0,1
jyf8xd0s,27,7v7fea76,6,dPGG,ResultsWaitPage,1625152659,1,0,1
jyf8xd0s,32,8wjhbssn,33,dPGG,dPGG_Decision,1625152660,5,0,0
jyf8xd0s,6,noh2twn0,33,dPGG,dPGG_Decision,1625152666,5,0,0
jyf8xd0s,19,exquhzcv,72,dPGG,dPGG_Donation,1625152667,10,0,0
jyf8xd0s,28,qc9i5tcf,74,Outro,Outro_Personality,1625152672,1,0,0
jyf8xd0s,3,4q799so5,40,dPGG,dPGG_Decision,1625152675,6,0,0
jyf8xd0s,29,ge4wu0yq,40,dPGG,dPGG_Decision,1625152675,6,0,0
jyf8xd0s,8,lu3l8xac,33,dPGG,dPGG_Decision,1625152680,5,0,0
jyf8xd0s,6,noh2twn0,34,dPGG,ResultsWaitPage,1625152681,5,0,1
jyf8xd0s,8,lu3l8xac,34,dPGG,ResultsWaitPage,1625152681,5,0,1
jyf8xd0s,12,6iej8m36,34,dPGG,ResultsWaitPage,1625152681,5,0,1
jyf8xd0s,32,8wjhbssn,34,dPGG,ResultsWaitPage,1625152681,5,0,1
jyf8xd0s,13,wxz5apgl,40,dPGG,dPGG_Decision,1625152683,6,0,0
jyf8xd0s,26,tq9xpl62,40,dPGG,dPGG_Decision,1625152685,6,0,0
jyf8xd0s,13,wxz5apgl,41,dPGG,ResultsWaitPage,1625152685,6,0,1
jyf8xd0s,3,4q799so5,41,dPGG,ResultsWaitPage,1625152685,6,0,1
jyf8xd0s,29,ge4wu0yq,41,dPGG,ResultsWaitPage,1625152685,6,0,1
jyf8xd0s,26,tq9xpl62,41,dPGG,ResultsWaitPage,1625152685,6,0,1
jyf8xd0s,23,fnp542ah,12,dPGG,dPGG_Decision,1625152691,2,0,0
jyf8xd0s,8,lu3l8xac,40,dPGG,dPGG_Decision,1625152691,6,0,0
jyf8xd0s,28,qc9i5tcf,75,Outro,Outro_Covariates,1625152691,1,0,0
jyf8xd0s,18,m9mb1jyf,74,Outro,Outro_Personality,1625152692,1,0,0
jyf8xd0s,27,7v7fea76,12,dPGG,dPGG_Decision,1625152694,2,0,0
jyf8xd0s,6,noh2twn0,40,dPGG,dPGG_Decision,1625152694,6,0,0
jyf8xd0s,1,7qxdsoam,12,dPGG,dPGG_Decision,1625152695,2,0,0
jyf8xd0s,32,8wjhbssn,40,dPGG,dPGG_Decision,1625152695,6,0,0
jyf8xd0s,7,o4hnha0r,74,Outro,Outro_Personality,1625152696,1,0,0
jyf8xd0s,2,1nlrkolq,74,Outro,Outro_Personality,1625152696,1,0,0
jyf8xd0s,16,mzrhqeq9,72,dPGG,dPGG_Donation,1625152697,10,0,0
jyf8xd0s,12,6iej8m36,40,dPGG,dPGG_Decision,1625152697,6,0,0
jyf8xd0s,8,lu3l8xac,41,dPGG,ResultsWaitPage,1625152697,6,0,1
jyf8xd0s,12,6iej8m36,41,dPGG,ResultsWaitPage,1625152697,6,0,1
jyf8xd0s,32,8wjhbssn,41,dPGG,ResultsWaitPage,1625152697,6,0,1
jyf8xd0s,6,noh2twn0,41,dPGG,ResultsWaitPage,1625152697,6,0,1
jyf8xd0s,29,ge4wu0yq,47,dPGG,dPGG_Decision,1625152699,7,0,0
jyf8xd0s,14,qygq0e1o,12,dPGG,dPGG_Decision,1625152702,2,0,0
jyf8xd0s,14,qygq0e1o,13,dPGG,ResultsWaitPage,1625152702,2,0,1
jyf8xd0s,1,7qxdsoam,13,dPGG,ResultsWaitPage,1625152702,2,0,1
jyf8xd0s,23,fnp542ah,13,dPGG,ResultsWaitPage,1625152702,2,0,1
jyf8xd0s,27,7v7fea76,13,dPGG,ResultsWaitPage,1625152702,2,0,1
jyf8xd0s,26,tq9xpl62,47,dPGG,dPGG_Decision,1625152705,7,0,0
jyf8xd0s,21,mp7thwfr,74,Outro,Outro_Personality,1625152708,1,0,0
jyf8xd0s,6,noh2twn0,47,dPGG,dPGG_Decision,1625152710,7,0,0
jyf8xd0s,18,m9mb1jyf,75,Outro,Outro_Covariates,1625152711,1,0,0
jyf8xd0s,12,6iej8m36,47,dPGG,dPGG_Decision,1625152711,7,0,0
jyf8xd0s,13,wxz5apgl,47,dPGG,dPGG_Decision,1625152711,7,0,0
jyf8xd0s,32,8wjhbssn,47,dPGG,dPGG_Decision,1625152712,7,0,0
jyf8xd0s,23,fnp542ah,19,dPGG,dPGG_Decision,1625152713,3,0,0
jyf8xd0s,7,o4hnha0r,75,Outro,Outro_Covariates,1625152715,1,0,0
jyf8xd0s,8,lu3l8xac,47,dPGG,dPGG_Decision,1625152716,7,0,0
jyf8xd0s,8,lu3l8xac,48,dPGG,ResultsWaitPage,1625152717,7,0,1
jyf8xd0s,12,6iej8m36,48,dPGG,ResultsWaitPage,1625152717,7,0,1
jyf8xd0s,32,8wjhbssn,48,dPGG,ResultsWaitPage,1625152717,7,0,1
jyf8xd0s,6,noh2twn0,48,dPGG,ResultsWaitPage,1625152717,7,0,1
jyf8xd0s,3,4q799so5,47,dPGG,dPGG_Decision,1625152717,7,0,0
jyf8xd0s,13,wxz5apgl,48,dPGG,ResultsWaitPage,1625152718,7,0,1
jyf8xd0s,3,4q799so5,48,dPGG,ResultsWaitPage,1625152718,7,0,1
jyf8xd0s,29,ge4wu0yq,48,dPGG,ResultsWaitPage,1625152718,7,0,1
jyf8xd0s,26,tq9xpl62,48,dPGG,ResultsWaitPage,1625152718,7,0,1
jyf8xd0s,25,fkjiwkub,72,dPGG,dPGG_Donation,1625152718,10,0,0
jyf8xd0s,28,qc9i5tcf,76,Outro,Outro_CLICCS,1625152723,1,0,0
jyf8xd0s,1,7qxdsoam,19,dPGG,dPGG_Decision,1625152728,3,0,0
jyf8xd0s,12,6iej8m36,54,dPGG,dPGG_Decision,1625152729,8,0,0
jyf8xd0s,32,8wjhbssn,54,dPGG,dPGG_Decision,1625152730,8,0,0
jyf8xd0s,14,qygq0e1o,19,dPGG,dPGG_Decision,1625152732,3,0,0
jyf8xd0s,6,noh2twn0,54,dPGG,dPGG_Decision,1625152733,8,0,0
jyf8xd0s,8,lu3l8xac,54,dPGG,dPGG_Decision,1625152734,8,0,0
jyf8xd0s,6,noh2twn0,55,dPGG,ResultsWaitPage,1625152734,8,0,1
jyf8xd0s,8,lu3l8xac,55,dPGG,ResultsWaitPage,1625152734,8,0,1
jyf8xd0s,12,6iej8m36,55,dPGG,ResultsWaitPage,1625152734,8,0,1
jyf8xd0s,32,8wjhbssn,55,dPGG,ResultsWaitPage,1625152734,8,0,1
jyf8xd0s,27,7v7fea76,19,dPGG,dPGG_Decision,1625152736,3,0,0
jyf8xd0s,27,7v7fea76,20,dPGG,ResultsWaitPage,1625152736,3,0,1
jyf8xd0s,14,qygq0e1o,20,dPGG,ResultsWaitPage,1625152736,3,0,1
jyf8xd0s,1,7qxdsoam,20,dPGG,ResultsWaitPage,1625152736,3,0,1
jyf8xd0s,23,fnp542ah,20,dPGG,ResultsWaitPage,1625152736,3,0,1
jyf8xd0s,2,1nlrkolq,75,Outro,Outro_Covariates,1625152737,1,0,0
jyf8xd0s,26,tq9xpl62,54,dPGG,dPGG_Decision,1625152737,8,0,0
jyf8xd0s,21,mp7thwfr,75,Outro,Outro_Covariates,1625152741,1,0,0
jyf8xd0s,29,ge4wu0yq,54,dPGG,dPGG_Decision,1625152741,8,0,0
jyf8xd0s,13,wxz5apgl,54,dPGG,dPGG_Decision,1625152742,8,0,0
jyf8xd0s,12,6iej8m36,61,dPGG,dPGG_Decision,1625152744,9,0,0
jyf8xd0s,8,lu3l8xac,61,dPGG,dPGG_Decision,1625152750,9,0,0
jyf8xd0s,23,fnp542ah,26,dPGG,dPGG_Decision,1625152752,4,0,0
jyf8xd0s,3,4q799so5,54,dPGG,dPGG_Decision,1625152752,8,0,0
jyf8xd0s,6,noh2twn0,61,dPGG,dPGG_Decision,1625152753,9,0,0
jyf8xd0s,13,wxz5apgl,55,dPGG,ResultsWaitPage,1625152753,8,0,1
jyf8xd0s,29,ge4wu0yq,55,dPGG,ResultsWaitPage,1625152753,8,0,1
jyf8xd0s,26,tq9xpl62,55,dPGG,ResultsWaitPage,1625152753,8,0,1
jyf8xd0s,3,4q799so5,55,dPGG,ResultsWaitPage,1625152753,8,0,1
jyf8xd0s,32,8wjhbssn,61,dPGG,dPGG_Decision,1625152753,9,0,0
jyf8xd0s,8,lu3l8xac,62,dPGG,ResultsWaitPage,1625152755,9,0,1
jyf8xd0s,12,6iej8m36,62,dPGG,ResultsWaitPage,1625152755,9,0,1
jyf8xd0s,32,8wjhbssn,62,dPGG,ResultsWaitPage,1625152755,9,0,1
jyf8xd0s,6,noh2twn0,62,dPGG,ResultsWaitPage,1625152755,9,0,1
jyf8xd0s,1,7qxdsoam,26,dPGG,dPGG_Decision,1625152755,4,0,0
jyf8xd0s,14,qygq0e1o,26,dPGG,dPGG_Decision,1625152760,4,0,0
jyf8xd0s,18,m9mb1jyf,76,Outro,Outro_CLICCS,1625152761,1,0,0
jyf8xd0s,27,7v7fea76,26,dPGG,dPGG_Decision,1625152762,4,0,0
jyf8xd0s,14,qygq0e1o,27,dPGG,ResultsWaitPage,1625152763,4,0,1
jyf8xd0s,1,7qxdsoam,27,dPGG,ResultsWaitPage,1625152763,4,0,1
jyf8xd0s,23,fnp542ah,27,dPGG,ResultsWaitPage,1625152763,4,0,1
jyf8xd0s,27,7v7fea76,27,dPGG,ResultsWaitPage,1625152763,4,0,1
jyf8xd0s,29,ge4wu0yq,61,dPGG,dPGG_Decision,1625152765,9,0,0
jyf8xd0s,6,noh2twn0,68,dPGG,dPGG_Decision,1625152767,10,0,0
jyf8xd0s,16,mzrhqeq9,74,Outro,Outro_Personality,1625152769,1,0,0
jyf8xd0s,32,8wjhbssn,68,dPGG,dPGG_Decision,1625152770,10,0,0
jyf8xd0s,12,6iej8m36,68,dPGG,dPGG_Decision,1625152772,10,0,0
jyf8xd0s,2,1nlrkolq,76,Outro,Outro_CLICCS,1625152773,1,0,0
jyf8xd0s,26,tq9xpl62,61,dPGG,dPGG_Decision,1625152773,9,0,0
jyf8xd0s,7,o4hnha0r,76,Outro,Outro_CLICCS,1625152774,1,0,0
jyf8xd0s,23,fnp542ah,33,dPGG,dPGG_Decision,1625152774,5,0,0
jyf8xd0s,19,exquhzcv,74,Outro,Outro_Personality,1625152777,1,0,0
jyf8xd0s,13,wxz5apgl,61,dPGG,dPGG_Decision,1625152778,9,0,0
jyf8xd0s,3,4q799so5,61,dPGG,dPGG_Decision,1625152778,9,0,0
jyf8xd0s,13,wxz5apgl,62,dPGG,ResultsWaitPage,1625152778,9,0,1
jyf8xd0s,3,4q799so5,62,dPGG,ResultsWaitPage,1625152778,9,0,1
jyf8xd0s,29,ge4wu0yq,62,dPGG,ResultsWaitPage,1625152778,9,0,1
jyf8xd0s,26,tq9xpl62,62,dPGG,ResultsWaitPage,1625152778,9,0,1
jyf8xd0s,27,7v7fea76,33,dPGG,dPGG_Decision,1625152780,5,0,0
jyf8xd0s,8,lu3l8xac,68,dPGG,dPGG_Decision,1625152782,10,0,0
jyf8xd0s,8,lu3l8xac,69,dPGG,ResultsWaitPage,1625152782,10,0,1
jyf8xd0s,12,6iej8m36,69,dPGG,ResultsWaitPage,1625152782,10,0,1
jyf8xd0s,6,noh2twn0,69,dPGG,ResultsWaitPage,1625152782,10,0,1
jyf8xd0s,32,8wjhbssn,69,dPGG,ResultsWaitPage,1625152782,10,0,1
jyf8xd0s,10,0tmkyzhn,2,Intro,Intro_Instructions,1625152788,1,0,0
jyf8xd0s,29,ge4wu0yq,68,dPGG,dPGG_Decision,1625152791,10,0,0
jyf8xd0s,14,qygq0e1o,33,dPGG,dPGG_Decision,1625152791,5,0,0
jyf8xd0s,16,mzrhqeq9,75,Outro,Outro_Covariates,1625152793,1,0,0
jyf8xd0s,1,7qxdsoam,33,dPGG,dPGG_Decision,1625152795,5,0,0
jyf8xd0s,27,7v7fea76,34,dPGG,ResultsWaitPage,1625152795,5,0,1
jyf8xd0s,14,qygq0e1o,34,dPGG,ResultsWaitPage,1625152795,5,0,1
jyf8xd0s,1,7qxdsoam,34,dPGG,ResultsWaitPage,1625152795,5,0,1
jyf8xd0s,23,fnp542ah,34,dPGG,ResultsWaitPage,1625152795,5,0,1
jyf8xd0s,6,noh2twn0,70,dPGG,dPGG_Results,1625152797,10,0,0
jyf8xd0s,26,tq9xpl62,68,dPGG,dPGG_Decision,1625152797,10,0,0
jyf8xd0s,3,4q799so5,68,dPGG,dPGG_Decision,1625152798,10,0,0
jyf8xd0s,13,wxz5apgl,68,dPGG,dPGG_Decision,1625152800,10,0,0
jyf8xd0s,21,mp7thwfr,76,Outro,Outro_CLICCS,1625152800,1,0,0
jyf8xd0s,13,wxz5apgl,69,dPGG,ResultsWaitPage,1625152800,10,0,1
jyf8xd0s,3,4q799so5,69,dPGG,ResultsWaitPage,1625152800,10,0,1
jyf8xd0s,29,ge4wu0yq,69,dPGG,ResultsWaitPage,1625152800,10,0,1
jyf8xd0s,26,tq9xpl62,69,dPGG,ResultsWaitPage,1625152800,10,0,1
jyf8xd0s,6,noh2twn0,71,dPGG,dPGG_Comprehension,1625152805,10,0,0
jyf8xd0s,23,fnp542ah,40,dPGG,dPGG_Decision,1625152808,6,0,0
jyf8xd0s,32,8wjhbssn,70,dPGG,dPGG_Results,1625152810,10,0,0
jyf8xd0s,8,lu3l8xac,70,dPGG,dPGG_Results,1625152810,10,0,0
jyf8xd0s,12,6iej8m36,70,dPGG,dPGG_Results,1625152812,10,0,0
jyf8xd0s,27,7v7fea76,40,dPGG,dPGG_Decision,1625152813,6,0,0
jyf8xd0s,19,exquhzcv,75,Outro,Outro_Covariates,1625152815,1,0,0
jyf8xd0s,8,lu3l8xac,71,dPGG,dPGG_Comprehension,1625152816,10,0,0
jyf8xd0s,29,ge4wu0yq,70,dPGG,dPGG_Results,1625152817,10,0,0
jyf8xd0s,4,hwazt60e,2,Intro,Intro_Instructions,1625152818,1,0,0
jyf8xd0s,9,aoggj216,3,dPGG,dPGG_InitialWaitPage,1625152819,1,0,1
jyf8xd0s,10,0tmkyzhn,3,dPGG,dPGG_InitialWaitPage,1625152819,1,0,1
jyf8xd0s,4,hwazt60e,3,dPGG,dPGG_InitialWaitPage,1625152819,1,0,1
jyf8xd0s,17,snp7022l,3,dPGG,dPGG_InitialWaitPage,1625152819,1,0,1
jyf8xd0s,32,8wjhbssn,71,dPGG,dPGG_Comprehension,1625152820,10,0,0
jyf8xd0s,12,6iej8m36,71,dPGG,dPGG_Comprehension,1625152820,10,0,0
jyf8xd0s,26,tq9xpl62,70,dPGG,dPGG_Results,1625152821,10,0,0
jyf8xd0s,3,4q799so5,70,dPGG,dPGG_Results,1625152821,10,0,0
jyf8xd0s,29,ge4wu0yq,71,dPGG,dPGG_Comprehension,1625152822,10,0,0
jyf8xd0s,1,7qxdsoam,40,dPGG,dPGG_Decision,1625152822,6,0,0
jyf8xd0s,14,qygq0e1o,40,dPGG,dPGG_Decision,1625152827,6,0,0
jyf8xd0s,14,qygq0e1o,41,dPGG,ResultsWaitPage,1625152827,6,0,1
jyf8xd0s,1,7qxdsoam,41,dPGG,ResultsWaitPage,1625152827,6,0,1
jyf8xd0s,23,fnp542ah,41,dPGG,ResultsWaitPage,1625152827,6,0,1
jyf8xd0s,27,7v7fea76,41,dPGG,ResultsWaitPage,1625152827,6,0,1
jyf8xd0s,25,fkjiwkub,74,Outro,Outro_Personality,1625152829,1,0,0
jyf8xd0s,13,wxz5apgl,70,dPGG,dPGG_Results,1625152830,10,0,0
jyf8xd0s,26,tq9xpl62,71,dPGG,dPGG_Comprehension,1625152830,10,0,0
jyf8xd0s,3,4q799so5,71,dPGG,dPGG_Comprehension,1625152832,10,0,0
jyf8xd0s,23,fnp542ah,47,dPGG,dPGG_Decision,1625152834,7,0,0
jyf8xd0s,13,wxz5apgl,71,dPGG,dPGG_Comprehension,1625152839,10,0,0
jyf8xd0s,9,aoggj216,5,dPGG,dPGG_Decision,1625152840,1,0,0
jyf8xd0s,6,noh2twn0,72,dPGG,dPGG_Donation,1625152841,10,0,0
jyf8xd0s,17,snp7022l,5,dPGG,dPGG_Decision,1625152842,1,0,0
jyf8xd0s,4,hwazt60e,5,dPGG,dPGG_Decision,1625152844,1,0,0
jyf8xd0s,27,7v7fea76,47,dPGG,dPGG_Decision,1625152846,7,0,0
jyf8xd0s,14,qygq0e1o,47,dPGG,dPGG_Decision,1625152847,7,0,0
jyf8xd0s,10,0tmkyzhn,5,dPGG,dPGG_Decision,1625152853,1,0,0
jyf8xd0s,9,aoggj216,6,dPGG,ResultsWaitPage,1625152853,1,0,1
jyf8xd0s,10,0tmkyzhn,6,dPGG,ResultsWaitPage,1625152853,1,0,1
jyf8xd0s,4,hwazt60e,6,dPGG,ResultsWaitPage,1625152853,1,0,1
jyf8xd0s,17,snp7022l,6,dPGG,ResultsWaitPage,1625152853,1,0,1
jyf8xd0s,1,7qxdsoam,47,dPGG,dPGG_Decision,1625152861,7,0,0
jyf8xd0s,14,qygq0e1o,48,dPGG,ResultsWaitPage,1625152862,7,0,1
jyf8xd0s,1,7qxdsoam,48,dPGG,ResultsWaitPage,1625152862,7,0,1
jyf8xd0s,23,fnp542ah,48,dPGG,ResultsWaitPage,1625152862,7,0,1
jyf8xd0s,27,7v7fea76,48,dPGG,ResultsWaitPage,1625152862,7,0,1
jyf8xd0s,12,6iej8m36,72,dPGG,dPGG_Donation,1625152867,10,0,0
jyf8xd0s,29,ge4wu0yq,72,dPGG,dPGG_Donation,1625152872,10,0,0
jyf8xd0s,25,fkjiwkub,75,Outro,Outro_Covariates,1625152873,1,0,0
jyf8xd0s,23,fnp542ah,54,dPGG,dPGG_Decision,1625152875,8,0,0
jyf8xd0s,9,aoggj216,12,dPGG,dPGG_Decision,1625152875,2,0,0
jyf8xd0s,26,tq9xpl62,72,dPGG,dPGG_Donation,1625152877,10,0,0
jyf8xd0s,10,0tmkyzhn,12,dPGG,dPGG_Decision,1625152878,2,0,0
jyf8xd0s,16,mzrhqeq9,76,Outro,Outro_CLICCS,1625152882,1,0,0
jyf8xd0s,27,7v7fea76,54,dPGG,dPGG_Decision,1625152884,8,0,0
jyf8xd0s,1,7qxdsoam,54,dPGG,dPGG_Decision,1625152891,8,0,0
jyf8xd0s,19,exquhzcv,76,Outro,Outro_CLICCS,1625152894,1,0,0
jyf8xd0s,14,qygq0e1o,54,dPGG,dPGG_Decision,1625152896,8,0,0
jyf8xd0s,1,7qxdsoam,55,dPGG,ResultsWaitPage,1625152897,8,0,1
jyf8xd0s,14,qygq0e1o,55,dPGG,ResultsWaitPage,1625152897,8,0,1
jyf8xd0s,23,fnp542ah,55,dPGG,ResultsWaitPage,1625152897,8,0,1
jyf8xd0s,27,7v7fea76,55,dPGG,ResultsWaitPage,1625152897,8,0,1
jyf8xd0s,8,lu3l8xac,72,dPGG,dPGG_Donation,1625152897,10,0,0
jyf8xd0s,6,noh2twn0,74,Outro,Outro_Personality,1625152901,1,0,0
jyf8xd0s,17,snp7022l,12,dPGG,dPGG_Decision,1625152904,2,0,0
jyf8xd0s,4,hwazt60e,12,dPGG,dPGG_Decision,1625152906,2,0,0
jyf8xd0s,23,fnp542ah,61,dPGG,dPGG_Decision,1625152906,9,0,0
jyf8xd0s,10,0tmkyzhn,13,dPGG,ResultsWaitPage,1625152907,2,0,1
jyf8xd0s,4,hwazt60e,13,dPGG,ResultsWaitPage,1625152907,2,0,1
jyf8xd0s,17,snp7022l,13,dPGG,ResultsWaitPage,1625152907,2,0,1
jyf8xd0s,9,aoggj216,13,dPGG,ResultsWaitPage,1625152907,2,0,1
jyf8xd0s,32,8wjhbssn,72,dPGG,dPGG_Donation,1625152910,10,0,0
jyf8xd0s,14,qygq0e1o,61,dPGG,dPGG_Decision,1625152913,9,0,0
jyf8xd0s,13,wxz5apgl,72,dPGG,dPGG_Donation,1625152917,10,0,0
jyf8xd0s,1,7qxdsoam,61,dPGG,dPGG_Decision,1625152922,9,0,0
jyf8xd0s,10,0tmkyzhn,19,dPGG,dPGG_Decision,1625152922,3,0,0
jyf8xd0s,12,6iej8m36,74,Outro,Outro_Personality,1625152923,1,0,0
jyf8xd0s,27,7v7fea76,61,dPGG,dPGG_Decision,1625152924,9,0,0
jyf8xd0s,14,qygq0e1o,62,dPGG,ResultsWaitPage,1625152925,9,0,1
jyf8xd0s,1,7qxdsoam,62,dPGG,ResultsWaitPage,1625152925,9,0,1
jyf8xd0s,23,fnp542ah,62,dPGG,ResultsWaitPage,1625152925,9,0,1
jyf8xd0s,27,7v7fea76,62,dPGG,ResultsWaitPage,1625152925,9,0,1
jyf8xd0s,3,4q799so5,72,dPGG,dPGG_Donation,1625152925,10,0,0
jyf8xd0s,6,noh2twn0,75,Outro,Outro_Covariates,1625152930,1,0,0
jyf8xd0s,23,fnp542ah,68,dPGG,dPGG_Decision,1625152931,10,0,0
jyf8xd0s,9,aoggj216,19,dPGG,dPGG_Decision,1625152934,3,0,0
jyf8xd0s,12,6iej8m36,75,Outro,Outro_Covariates,1625152936,1,0,0
jyf8xd0s,17,snp7022l,19,dPGG,dPGG_Decision,1625152937,3,0,0
jyf8xd0s,26,tq9xpl62,74,Outro,Outro_Personality,1625152938,1,0,0
jyf8xd0s,4,hwazt60e,19,dPGG,dPGG_Decision,1625152940,3,0,0
jyf8xd0s,10,0tmkyzhn,20,dPGG,ResultsWaitPage,1625152940,3,0,1
jyf8xd0s,4,hwazt60e,20,dPGG,ResultsWaitPage,1625152940,3,0,1
jyf8xd0s,17,snp7022l,20,dPGG,ResultsWaitPage,1625152940,3,0,1
jyf8xd0s,9,aoggj216,20,dPGG,ResultsWaitPage,1625152940,3,0,1
jyf8xd0s,14,qygq0e1o,68,dPGG,dPGG_Decision,1625152943,10,0,0
jyf8xd0s,29,ge4wu0yq,74,Outro,Outro_Personality,1625152949,1,0,0
jyf8xd0s,27,7v7fea76,68,dPGG,dPGG_Decision,1625152949,10,0,0
jyf8xd0s,10,0tmkyzhn,26,dPGG,dPGG_Decision,1625152953,4,0,0
jyf8xd0s,9,aoggj216,26,dPGG,dPGG_Decision,1625152962,4,0,0
jyf8xd0s,4,hwazt60e,26,dPGG,dPGG_Decision,1625152965,4,0,0
jyf8xd0s,26,tq9xpl62,75,Outro,Outro_Covariates,1625152966,1,0,0
jyf8xd0s,17,snp7022l,26,dPGG,dPGG_Decision,1625152968,4,0,0
jyf8xd0s,10,0tmkyzhn,27,dPGG,ResultsWaitPage,1625152968,4,0,1
jyf8xd0s,4,hwazt60e,27,dPGG,ResultsWaitPage,1625152968,4,0,1
jyf8xd0s,17,snp7022l,27,dPGG,ResultsWaitPage,1625152968,4,0,1
jyf8xd0s,9,aoggj216,27,dPGG,ResultsWaitPage,1625152968,4,0,1
jyf8xd0s,10,0tmkyzhn,33,dPGG,dPGG_Decision,1625152976,5,0,0
jyf8xd0s,29,ge4wu0yq,75,Outro,Outro_Covariates,1625152982,1,0,0
jyf8xd0s,17,snp7022l,33,dPGG,dPGG_Decision,1625152985,5,0,0
jyf8xd0s,1,7qxdsoam,68,dPGG,dPGG_Decision,1625152985,10,0,0
jyf8xd0s,14,qygq0e1o,69,dPGG,ResultsWaitPage,1625152986,10,0,1
jyf8xd0s,1,7qxdsoam,69,dPGG,ResultsWaitPage,1625152986,10,0,1
jyf8xd0s,23,fnp542ah,69,dPGG,ResultsWaitPage,1625152986,10,0,1
jyf8xd0s,27,7v7fea76,69,dPGG,ResultsWaitPage,1625152986,10,0,1
jyf8xd0s,8,lu3l8xac,74,Outro,Outro_Personality,1625152989,1,0,0
jyf8xd0s,4,hwazt60e,33,dPGG,dPGG_Decision,1625152990,5,0,0
jyf8xd0s,13,wxz5apgl,74,Outro,Outro_Personality,1625152996,1,0,0
jyf8xd0s,12,6iej8m36,76,Outro,Outro_CLICCS,1625152997,1,0,0
jyf8xd0s,24,lr17ksyy,2,Intro,Intro_Instructions,1625153000,1,0,0
jyf8xd0s,1,7qxdsoam,70,dPGG,dPGG_Results,1625153003,10,0,0
jyf8xd0s,1,7qxdsoam,71,dPGG,dPGG_Comprehension,1625153007,10,0,0
jyf8xd0s,8,lu3l8xac,75,Outro,Outro_Covariates,1625153008,1,0,0
jyf8xd0s,13,wxz5apgl,75,Outro,Outro_Covariates,1625153010,1,0,0
jyf8xd0s,9,aoggj216,33,dPGG,dPGG_Decision,1625153012,5,0,0
jyf8xd0s,10,0tmkyzhn,34,dPGG,ResultsWaitPage,1625153012,5,0,1
jyf8xd0s,4,hwazt60e,34,dPGG,ResultsWaitPage,1625153012,5,0,1
jyf8xd0s,17,snp7022l,34,dPGG,ResultsWaitPage,1625153012,5,0,1
jyf8xd0s,9,aoggj216,34,dPGG,ResultsWaitPage,1625153012,5,0,1
jyf8xd0s,32,8wjhbssn,74,Outro,Outro_Personality,1625153015,1,0,0
jyf8xd0s,14,qygq0e1o,70,dPGG,dPGG_Results,1625153015,10,0,0
jyf8xd0s,27,7v7fea76,70,dPGG,dPGG_Results,1625153018,10,0,0
jyf8xd0s,3,4q799so5,74,Outro,Outro_Personality,1625153021,1,0,0
jyf8xd0s,14,qygq0e1o,71,dPGG,dPGG_Comprehension,1625153022,10,0,0
jyf8xd0s,27,7v7fea76,71,dPGG,dPGG_Comprehension,1625153032,10,0,0
jyf8xd0s,23,fnp542ah,70,dPGG,dPGG_Results,1625153032,10,0,0
jyf8xd0s,10,0tmkyzhn,40,dPGG,dPGG_Decision,1625153034,6,0,0
jyf8xd0s,9,aoggj216,40,dPGG,dPGG_Decision,1625153035,6,0,0
jyf8xd0s,23,fnp542ah,71,dPGG,dPGG_Comprehension,1625153039,10,0,0
jyf8xd0s,1,7qxdsoam,72,dPGG,dPGG_Donation,1625153039,10,0,0
jyf8xd0s,4,hwazt60e,40,dPGG,dPGG_Decision,1625153043,6,0,0
jyf8xd0s,17,snp7022l,40,dPGG,dPGG_Decision,1625153046,6,0,0
jyf8xd0s,10,0tmkyzhn,41,dPGG,ResultsWaitPage,1625153046,6,0,1
jyf8xd0s,4,hwazt60e,41,dPGG,ResultsWaitPage,1625153046,6,0,1
jyf8xd0s,17,snp7022l,41,dPGG,ResultsWaitPage,1625153046,6,0,1
jyf8xd0s,9,aoggj216,41,dPGG,ResultsWaitPage,1625153046,6,0,1
jyf8xd0s,3,4q799so5,75,Outro,Outro_Covariates,1625153054,1,0,0
jyf8xd0s,29,ge4wu0yq,76,Outro,Outro_CLICCS,1625153057,1,0,0
jyf8xd0s,26,tq9xpl62,76,Outro,Outro_CLICCS,1625153060,1,0,0
jyf8xd0s,10,0tmkyzhn,47,dPGG,dPGG_Decision,1625153067,7,0,0
jyf8xd0s,4,hwazt60e,47,dPGG,dPGG_Decision,1625153067,7,0,0
jyf8xd0s,23,fnp542ah,72,dPGG,dPGG_Donation,1625153072,10,0,0
jyf8xd0s,17,snp7022l,47,dPGG,dPGG_Decision,1625153073,7,0,0
jyf8xd0s,9,aoggj216,47,dPGG,dPGG_Decision,1625153082,7,0,0
jyf8xd0s,10,0tmkyzhn,48,dPGG,ResultsWaitPage,1625153083,7,0,1
jyf8xd0s,4,hwazt60e,48,dPGG,ResultsWaitPage,1625153083,7,0,1
jyf8xd0s,17,snp7022l,48,dPGG,ResultsWaitPage,1625153083,7,0,1
jyf8xd0s,9,aoggj216,48,dPGG,ResultsWaitPage,1625153083,7,0,1
jyf8xd0s,32,8wjhbssn,75,Outro,Outro_Covariates,1625153088,1,0,0
jyf8xd0s,1,7qxdsoam,74,Outro,Outro_Personality,1625153094,1,0,0
jyf8xd0s,10,0tmkyzhn,54,dPGG,dPGG_Decision,1625153096,8,0,0
jyf8xd0s,17,snp7022l,54,dPGG,dPGG_Decision,1625153098,8,0,0
jyf8xd0s,14,qygq0e1o,72,dPGG,dPGG_Donation,1625153100,10,0,0
jyf8xd0s,6,noh2twn0,76,Outro,Outro_CLICCS,1625153105,1,0,0
jyf8xd0s,4,hwazt60e,54,dPGG,dPGG_Decision,1625153107,8,0,0
jyf8xd0s,13,wxz5apgl,76,Outro,Outro_CLICCS,1625153111,1,0,0
jyf8xd0s,1,7qxdsoam,75,Outro,Outro_Covariates,1625153113,1,0,0
jyf8xd0s,9,aoggj216,54,dPGG,dPGG_Decision,1625153114,8,0,0
jyf8xd0s,10,0tmkyzhn,55,dPGG,ResultsWaitPage,1625153115,8,0,1
jyf8xd0s,4,hwazt60e,55,dPGG,ResultsWaitPage,1625153115,8,0,1
jyf8xd0s,17,snp7022l,55,dPGG,ResultsWaitPage,1625153115,8,0,1
jyf8xd0s,9,aoggj216,55,dPGG,ResultsWaitPage,1625153115,8,0,1
jyf8xd0s,10,0tmkyzhn,61,dPGG,dPGG_Decision,1625153123,9,0,0
jyf8xd0s,9,aoggj216,61,dPGG,dPGG_Decision,1625153130,9,0,0
jyf8xd0s,27,7v7fea76,72,dPGG,dPGG_Donation,1625153133,10,0,0
jyf8xd0s,4,hwazt60e,61,dPGG,dPGG_Decision,1625153137,9,0,0
jyf8xd0s,23,fnp542ah,74,Outro,Outro_Personality,1625153141,1,0,0
jyf8xd0s,17,snp7022l,61,dPGG,dPGG_Decision,1625153153,9,0,0
jyf8xd0s,10,0tmkyzhn,62,dPGG,ResultsWaitPage,1625153154,9,0,1
jyf8xd0s,4,hwazt60e,62,dPGG,ResultsWaitPage,1625153154,9,0,1
jyf8xd0s,17,snp7022l,62,dPGG,ResultsWaitPage,1625153154,9,0,1
jyf8xd0s,9,aoggj216,62,dPGG,ResultsWaitPage,1625153154,9,0,1
jyf8xd0s,25,fkjiwkub,76,Outro,Outro_CLICCS,1625153158,1,0,0
jyf8xd0s,23,fnp542ah,75,Outro,Outro_Covariates,1625153165,1,0,0
jyf8xd0s,17,snp7022l,68,dPGG,dPGG_Decision,1625153167,10,0,0
jyf8xd0s,32,8wjhbssn,76,Outro,Outro_CLICCS,1625153170,1,0,0
jyf8xd0s,10,0tmkyzhn,68,dPGG,dPGG_Decision,1625153174,10,0,0
jyf8xd0s,9,aoggj216,68,dPGG,dPGG_Decision,1625153175,10,0,0
jyf8xd0s,1,7qxdsoam,76,Outro,Outro_CLICCS,1625153179,1,0,0
jyf8xd0s,4,hwazt60e,68,dPGG,dPGG_Decision,1625153179,10,0,0
jyf8xd0s,10,0tmkyzhn,69,dPGG,ResultsWaitPage,1625153179,10,0,1
jyf8xd0s,4,hwazt60e,69,dPGG,ResultsWaitPage,1625153179,10,0,1
jyf8xd0s,17,snp7022l,69,dPGG,ResultsWaitPage,1625153179,10,0,1
jyf8xd0s,9,aoggj216,69,dPGG,ResultsWaitPage,1625153179,10,0,1
jyf8xd0s,22,h56b8po1,2,Intro,Intro_Instructions,1625153180,1,0,0
jyf8xd0s,9,aoggj216,70,dPGG,dPGG_Results,1625153193,10,0,0
jyf8xd0s,3,4q799so5,76,Outro,Outro_CLICCS,1625153194,1,0,0
jyf8xd0s,14,qygq0e1o,74,Outro,Outro_Personality,1625153196,1,0,0
jyf8xd0s,9,aoggj216,71,dPGG,dPGG_Comprehension,1625153198,10,0,0
jyf8xd0s,4,hwazt60e,70,dPGG,dPGG_Results,1625153212,10,0,0
jyf8xd0s,23,fnp542ah,76,Outro,Outro_CLICCS,1625153219,1,0,0
jyf8xd0s,4,hwazt60e,71,dPGG,dPGG_Comprehension,1625153221,10,0,0
jyf8xd0s,17,snp7022l,70,dPGG,dPGG_Results,1625153231,10,0,0
jyf8xd0s,10,0tmkyzhn,70,dPGG,dPGG_Results,1625153241,10,0,0
jyf8xd0s,14,qygq0e1o,75,Outro,Outro_Covariates,1625153242,1,0,0
jyf8xd0s,17,snp7022l,71,dPGG,dPGG_Comprehension,1625153244,10,0,0
jyf8xd0s,10,0tmkyzhn,71,dPGG,dPGG_Comprehension,1625153250,10,0,0
jyf8xd0s,4,hwazt60e,72,dPGG,dPGG_Donation,1625153269,10,0,0
jyf8xd0s,27,7v7fea76,74,Outro,Outro_Personality,1625153284,1,0,0
jyf8xd0s,15,542u0l1u,2,Intro,Intro_Instructions,1625153295,1,0,0
jyf8xd0s,33,n6a2t3e7,2,Intro,Intro_Instructions,1625153318,1,0,0
jyf8xd0s,22,h56b8po1,3,dPGG,dPGG_InitialWaitPage,1625153318,1,0,1
jyf8xd0s,24,lr17ksyy,3,dPGG,dPGG_InitialWaitPage,1625153318,1,0,1
jyf8xd0s,15,542u0l1u,3,dPGG,dPGG_InitialWaitPage,1625153318,1,0,1
jyf8xd0s,33,n6a2t3e7,3,dPGG,dPGG_InitialWaitPage,1625153318,1,0,1
jyf8xd0s,14,qygq0e1o,76,Outro,Outro_CLICCS,1625153319,1,0,0
jyf8xd0s,27,7v7fea76,75,Outro,Outro_Covariates,1625153320,1,0,0
jyf8xd0s,9,aoggj216,72,dPGG,dPGG_Donation,1625153321,10,0,0
jyf8xd0s,17,snp7022l,72,dPGG,dPGG_Donation,1625153334,10,0,0
jyf8xd0s,15,542u0l1u,5,dPGG,dPGG_Decision,1625153335,1,0,0
jyf8xd0s,4,hwazt60e,74,Outro,Outro_Personality,1625153343,1,0,0
jyf8xd0s,24,lr17ksyy,5,dPGG,dPGG_Decision,1625153349,1,0,0
jyf8xd0s,33,n6a2t3e7,5,dPGG,dPGG_Decision,1625153351,1,0,0
jyf8xd0s,10,0tmkyzhn,72,dPGG,dPGG_Donation,1625153352,10,0,0
jyf8xd0s,4,hwazt60e,75,Outro,Outro_Covariates,1625153365,1,0,0
jyf8xd0s,22,h56b8po1,5,dPGG,dPGG_Decision,1625153378,1,0,0
jyf8xd0s,22,h56b8po1,6,dPGG,ResultsWaitPage,1625153379,1,0,1
jyf8xd0s,24,lr17ksyy,6,dPGG,ResultsWaitPage,1625153379,1,0,1
jyf8xd0s,15,542u0l1u,6,dPGG,ResultsWaitPage,1625153379,1,0,1
jyf8xd0s,33,n6a2t3e7,6,dPGG,ResultsWaitPage,1625153379,1,0,1
jyf8xd0s,9,aoggj216,74,Outro,Outro_Personality,1625153381,1,0,0
jyf8xd0s,5,mws1e1et,2,Intro,Intro_Instructions,1625153394,1,0,0
jyf8xd0s,9,aoggj216,75,Outro,Outro_Covariates,1625153402,1,0,0
jyf8xd0s,22,h56b8po1,12,dPGG,dPGG_Decision,1625153402,2,0,0
jyf8xd0s,24,lr17ksyy,12,dPGG,dPGG_Decision,1625153423,2,0,0
jyf8xd0s,15,542u0l1u,12,dPGG,dPGG_Decision,1625153424,2,0,0
jyf8xd0s,17,snp7022l,74,Outro,Outro_Personality,1625153455,1,0,0
jyf8xd0s,10,0tmkyzhn,74,Outro,Outro_Personality,1625153458,1,0,0
jyf8xd0s,8,lu3l8xac,76,Outro,Outro_CLICCS,1625153477,1,0,0
jyf8xd0s,33,n6a2t3e7,12,dPGG,dPGG_Decision,1625153479,2,0,0
jyf8xd0s,33,n6a2t3e7,13,dPGG,ResultsWaitPage,1625153480,2,0,1
jyf8xd0s,22,h56b8po1,13,dPGG,ResultsWaitPage,1625153480,2,0,1
jyf8xd0s,24,lr17ksyy,13,dPGG,ResultsWaitPage,1625153480,2,0,1
jyf8xd0s,15,542u0l1u,13,dPGG,ResultsWaitPage,1625153480,2,0,1
jyf8xd0s,10,0tmkyzhn,75,Outro,Outro_Covariates,1625153488,1,0,0
jyf8xd0s,27,7v7fea76,76,Outro,Outro_CLICCS,1625153490,1,0,0
jyf8xd0s,9,aoggj216,76,Outro,Outro_CLICCS,1625153495,1,0,0
jyf8xd0s,15,542u0l1u,19,dPGG,dPGG_Decision,1625153498,3,0,0
jyf8xd0s,24,lr17ksyy,19,dPGG,dPGG_Decision,1625153502,3,0,0
jyf8xd0s,4,hwazt60e,76,Outro,Outro_CLICCS,1625153508,1,0,0
jyf8xd0s,17,snp7022l,75,Outro,Outro_Covariates,1625153509,1,0,0
jyf8xd0s,22,h56b8po1,19,dPGG,dPGG_Decision,1625153511,3,0,0
jyf8xd0s,33,n6a2t3e7,19,dPGG,dPGG_Decision,1625153526,3,0,0
jyf8xd0s,22,h56b8po1,20,dPGG,ResultsWaitPage,1625153526,3,0,1
jyf8xd0s,24,lr17ksyy,20,dPGG,ResultsWaitPage,1625153526,3,0,1
jyf8xd0s,15,542u0l1u,20,dPGG,ResultsWaitPage,1625153526,3,0,1
jyf8xd0s,33,n6a2t3e7,20,dPGG,ResultsWaitPage,1625153526,3,0,1
jyf8xd0s,30,10bdchsy,2,Intro,Intro_Instructions,1625153536,1,0,0
jyf8xd0s,22,h56b8po1,26,dPGG,dPGG_Decision,1625153545,4,0,0
jyf8xd0s,10,0tmkyzhn,76,Outro,Outro_CLICCS,1625153548,1,0,0
jyf8xd0s,33,n6a2t3e7,26,dPGG,dPGG_Decision,1625153556,4,0,0
jyf8xd0s,15,542u0l1u,26,dPGG,dPGG_Decision,1625153574,4,0,0
jyf8xd0s,24,lr17ksyy,26,dPGG,dPGG_Decision,1625153587,4,0,0
jyf8xd0s,33,n6a2t3e7,27,dPGG,ResultsWaitPage,1625153588,4,0,1
jyf8xd0s,22,h56b8po1,27,dPGG,ResultsWaitPage,1625153588,4,0,1
jyf8xd0s,24,lr17ksyy,27,dPGG,ResultsWaitPage,1625153588,4,0,1
jyf8xd0s,15,542u0l1u,27,dPGG,ResultsWaitPage,1625153588,4,0,1
jyf8xd0s,24,lr17ksyy,33,dPGG,dPGG_Decision,1625153613,5,0,0
jyf8xd0s,22,h56b8po1,33,dPGG,dPGG_Decision,1625153615,5,0,0
jyf8xd0s,15,542u0l1u,33,dPGG,dPGG_Decision,1625153616,5,0,0
jyf8xd0s,17,snp7022l,76,Outro,Outro_CLICCS,1625153617,1,0,0
jyf8xd0s,33,n6a2t3e7,33,dPGG,dPGG_Decision,1625153621,5,0,0
jyf8xd0s,15,542u0l1u,34,dPGG,ResultsWaitPage,1625153622,5,0,1
jyf8xd0s,33,n6a2t3e7,34,dPGG,ResultsWaitPage,1625153622,5,0,1
jyf8xd0s,22,h56b8po1,34,dPGG,ResultsWaitPage,1625153622,5,0,1
jyf8xd0s,24,lr17ksyy,34,dPGG,ResultsWaitPage,1625153622,5,0,1
jyf8xd0s,33,n6a2t3e7,40,dPGG,dPGG_Decision,1625153639,6,0,0
jyf8xd0s,22,h56b8po1,40,dPGG,dPGG_Decision,1625153644,6,0,0
jyf8xd0s,15,542u0l1u,40,dPGG,dPGG_Decision,1625153647,6,0,0
jyf8xd0s,24,lr17ksyy,40,dPGG,dPGG_Decision,1625153651,6,0,0
jyf8xd0s,33,n6a2t3e7,41,dPGG,ResultsWaitPage,1625153651,6,0,1
jyf8xd0s,22,h56b8po1,41,dPGG,ResultsWaitPage,1625153651,6,0,1
jyf8xd0s,24,lr17ksyy,41,dPGG,ResultsWaitPage,1625153651,6,0,1
jyf8xd0s,15,542u0l1u,41,dPGG,ResultsWaitPage,1625153651,6,0,1
jyf8xd0s,24,lr17ksyy,47,dPGG,dPGG_Decision,1625153667,7,0,0
jyf8xd0s,22,h56b8po1,47,dPGG,dPGG_Decision,1625153677,7,0,0
jyf8xd0s,33,n6a2t3e7,47,dPGG,dPGG_Decision,1625153679,7,0,0
jyf8xd0s,15,542u0l1u,47,dPGG,dPGG_Decision,1625153684,7,0,0
jyf8xd0s,22,h56b8po1,48,dPGG,ResultsWaitPage,1625153684,7,0,1
jyf8xd0s,24,lr17ksyy,48,dPGG,ResultsWaitPage,1625153684,7,0,1
jyf8xd0s,15,542u0l1u,48,dPGG,ResultsWaitPage,1625153684,7,0,1
jyf8xd0s,33,n6a2t3e7,48,dPGG,ResultsWaitPage,1625153684,7,0,1
jyf8xd0s,15,542u0l1u,54,dPGG,dPGG_Decision,1625153700,8,0,0
jyf8xd0s,33,n6a2t3e7,54,dPGG,dPGG_Decision,1625153700,8,0,0
jyf8xd0s,24,lr17ksyy,54,dPGG,dPGG_Decision,1625153704,8,0,0
jyf8xd0s,22,h56b8po1,54,dPGG,dPGG_Decision,1625153707,8,0,0
jyf8xd0s,33,n6a2t3e7,55,dPGG,ResultsWaitPage,1625153707,8,0,1
jyf8xd0s,22,h56b8po1,55,dPGG,ResultsWaitPage,1625153707,8,0,1
jyf8xd0s,24,lr17ksyy,55,dPGG,ResultsWaitPage,1625153707,8,0,1
jyf8xd0s,15,542u0l1u,55,dPGG,ResultsWaitPage,1625153707,8,0,1
jyf8xd0s,33,n6a2t3e7,61,dPGG,dPGG_Decision,1625153722,9,0,0
jyf8xd0s,22,h56b8po1,61,dPGG,dPGG_Decision,1625153723,9,0,0
jyf8xd0s,24,lr17ksyy,61,dPGG,dPGG_Decision,1625153726,9,0,0
jyf8xd0s,15,542u0l1u,61,dPGG,dPGG_Decision,1625153728,9,0,0
jyf8xd0s,22,h56b8po1,62,dPGG,ResultsWaitPage,1625153728,9,0,1
jyf8xd0s,24,lr17ksyy,62,dPGG,ResultsWaitPage,1625153728,9,0,1
jyf8xd0s,15,542u0l1u,62,dPGG,ResultsWaitPage,1625153728,9,0,1
jyf8xd0s,33,n6a2t3e7,62,dPGG,ResultsWaitPage,1625153728,9,0,1
jyf8xd0s,15,542u0l1u,68,dPGG,dPGG_Decision,1625153743,10,0,0
jyf8xd0s,22,h56b8po1,68,dPGG,dPGG_Decision,1625153748,10,0,0
jyf8xd0s,24,lr17ksyy,68,dPGG,dPGG_Decision,1625153753,10,0,0
jyf8xd0s,33,n6a2t3e7,68,dPGG,dPGG_Decision,1625153754,10,0,0
jyf8xd0s,15,542u0l1u,69,dPGG,ResultsWaitPage,1625153754,10,0,1
jyf8xd0s,33,n6a2t3e7,69,dPGG,ResultsWaitPage,1625153754,10,0,1
jyf8xd0s,22,h56b8po1,69,dPGG,ResultsWaitPage,1625153754,10,0,1
jyf8xd0s,24,lr17ksyy,69,dPGG,ResultsWaitPage,1625153754,10,0,1
jyf8xd0s,24,lr17ksyy,70,dPGG,dPGG_Results,1625153776,10,0,0
jyf8xd0s,33,n6a2t3e7,70,dPGG,dPGG_Results,1625153777,10,0,0
jyf8xd0s,24,lr17ksyy,71,dPGG,dPGG_Comprehension,1625153786,10,0,0
jyf8xd0s,15,542u0l1u,70,dPGG,dPGG_Results,1625153791,10,0,0
jyf8xd0s,33,n6a2t3e7,71,dPGG,dPGG_Comprehension,1625153792,10,0,0
jyf8xd0s,22,h56b8po1,70,dPGG,dPGG_Results,1625153802,10,0,0
jyf8xd0s,15,542u0l1u,71,dPGG,dPGG_Comprehension,1625153806,10,0,0
jyf8xd0s,24,lr17ksyy,72,dPGG,dPGG_Donation,1625153807,10,0,0
jyf8xd0s,22,h56b8po1,71,dPGG,dPGG_Comprehension,1625153818,10,0,0
jyf8xd0s,15,542u0l1u,72,dPGG,dPGG_Donation,1625153872,10,0,0
jyf8xd0s,33,n6a2t3e7,72,dPGG,dPGG_Donation,1625153897,10,0,0
jyf8xd0s,24,lr17ksyy,74,Outro,Outro_Personality,1625153915,1,0,0
jyf8xd0s,24,lr17ksyy,75,Outro,Outro_Covariates,1625153946,1,0,0
jyf8xd0s,15,542u0l1u,74,Outro,Outro_Personality,1625153956,1,0,0
jyf8xd0s,33,n6a2t3e7,74,Outro,Outro_Personality,1625153977,1,0,0
jyf8xd0s,15,542u0l1u,75,Outro,Outro_Covariates,1625153988,1,0,0
jyf8xd0s,5,mws1e1et,3,dPGG,dPGG_InitialWaitPage,1625153999,1,0,1
jyf8xd0s,5,mws1e1et,6,dPGG,ResultsWaitPage,1625153999,1,0,1
jyf8xd0s,5,mws1e1et,13,dPGG,ResultsWaitPage,1625154000,2,0,1
jyf8xd0s,5,mws1e1et,20,dPGG,ResultsWaitPage,1625154000,3,0,1
jyf8xd0s,5,mws1e1et,27,dPGG,ResultsWaitPage,1625154000,4,0,1
jyf8xd0s,5,mws1e1et,34,dPGG,ResultsWaitPage,1625154000,5,0,1
jyf8xd0s,5,mws1e1et,41,dPGG,ResultsWaitPage,1625154001,6,0,1
jyf8xd0s,5,mws1e1et,48,dPGG,ResultsWaitPage,1625154001,7,0,1
jyf8xd0s,5,mws1e1et,55,dPGG,ResultsWaitPage,1625154001,8,0,1
jyf8xd0s,5,mws1e1et,62,dPGG,ResultsWaitPage,1625154002,9,0,1
jyf8xd0s,5,mws1e1et,69,dPGG,ResultsWaitPage,1625154002,10,0,1
jyf8xd0s,33,n6a2t3e7,75,Outro,Outro_Covariates,1625154005,1,0,0
jyf8xd0s,15,542u0l1u,76,Outro,Outro_CLICCS,1625154020,1,0,0
jyf8xd0s,5,mws1e1et,74,Outro,Outro_Personality,1625154095,1,0,0
jyf8xd0s,5,mws1e1et,75,Outro,Outro_Covariates,1625154125,1,0,0
jyf8xd0s,33,n6a2t3e7,76,Outro,Outro_CLICCS,1625154125,1,0,0
jyf8xd0s,24,lr17ksyy,76,Outro,Outro_CLICCS,1625154126,1,0,0
jyf8xd0s,30,10bdchsy,3,dPGG,dPGG_InitialWaitPage,1625154181,1,0,1
jyf8xd0s,30,10bdchsy,6,dPGG,ResultsWaitPage,1625154181,1,0,1
jyf8xd0s,30,10bdchsy,13,dPGG,ResultsWaitPage,1625154181,2,0,1
jyf8xd0s,30,10bdchsy,20,dPGG,ResultsWaitPage,1625154182,3,0,1
jyf8xd0s,30,10bdchsy,27,dPGG,ResultsWaitPage,1625154182,4,0,1
jyf8xd0s,30,10bdchsy,34,dPGG,ResultsWaitPage,1625154182,5,0,1
jyf8xd0s,30,10bdchsy,41,dPGG,ResultsWaitPage,1625154183,6,0,1
jyf8xd0s,30,10bdchsy,48,dPGG,ResultsWaitPage,1625154183,7,0,1
jyf8xd0s,30,10bdchsy,55,dPGG,ResultsWaitPage,1625154183,8,0,1
jyf8xd0s,30,10bdchsy,62,dPGG,ResultsWaitPage,1625154184,9,0,1
jyf8xd0s,30,10bdchsy,69,dPGG,ResultsWaitPage,1625154184,10,0,1
jyf8xd0s,5,mws1e1et,76,Outro,Outro_CLICCS,1625154186,1,0,0
jyf8xd0s,30,10bdchsy,74,Outro,Outro_Personality,1625154281,1,0,0
jyf8xd0s,22,h56b8po1,72,dPGG,dPGG_Donation,1625154285,10,0,0
jyf8xd0s,30,10bdchsy,75,Outro,Outro_Covariates,1625154315,1,0,0
jyf8xd0s,30,10bdchsy,76,Outro,Outro_CLICCS,1625154393,1,0,0
jyf8xd0s,22,h56b8po1,74,Outro,Outro_Personality,1625154420,1,0,0
jyf8xd0s,22,h56b8po1,75,Outro,Outro_Covariates,1625154463,1,0,0
jyf8xd0s,22,h56b8po1,76,Outro,Outro_CLICCS,1625154764,1,0,0
